
INSERT INTO doktor (doktor_id, ad, soyad, cinsiyet,doktor_maas,uzmanlik)
VALUES (1, 'Nazlı', 'Dolma', 'K',35000, 'Ortodonti');
INSERT INTO doktor (doktor_id, ad, soyad, cinsiyet,doktor_maas,uzmanlik)
VALUES (2, 'Emirhan', 'Soytürk', 'E',19000,'Periodontoloji');
INSERT INTO doktor (doktor_id, ad, soyad, cinsiyet,doktor_maas,uzmanlik)
VALUES (3, 'Serpil', 'Demir', 'K',20000,'Ağız-Diş ve Çene Cerrahisi');
INSERT INTO doktor (doktor_id, ad, soyad, cinsiyet,doktor_maas,uzmanlik)
VALUES (4, 'Aleda', 'Yildiz', 'K',20500,'Endodonti');
INSERT INTO doktor (doktor_id, ad, soyad, cinsiyet,doktor_maas,uzmanlik)
VALUES (5, 'Metin', 'Güzel', 'E',18500, 'Endodonti');
INSERT INTO doktor (doktor_id, ad, soyad, cinsiyet,doktor_maas,uzmanlik)
VALUES (6, 'Selin', 'Kara', 'K',19400,'Protez');
INSERT INTO doktor (doktor_id, ad, soyad, cinsiyet,doktor_maas,uzmanlik)
VALUES (7, 'Miraç', 'Öztekin', 'E',11000,'Endodonti');
INSERT INTO doktor (doktor_id, ad, soyad, cinsiyet,doktor_maas,uzmanlik)
VALUES (8, 'Elif', 'Sarı', 'K',18600,'Ağız-Diş ve Çene Cerrahisi');
INSERT INTO doktor (doktor_id, ad, soyad, cinsiyet,doktor_maas,uzmanlik)
VALUES (9, 'Bora', 'Çelik', 'E',18700,'Ağız-Diş ve Çene Cerrahisi');
INSERT INTO doktor (doktor_id, ad, soyad, cinsiyet,doktor_maas,uzmanlik)
VALUES (10, 'Ezgi', 'Doğan', 'K',19700,'Endodonti');
INSERT INTO doktor (doktor_id, ad, soyad, cinsiyet,doktor_maas,uzmanlik)
VALUES (11, 'Ahmet', 'Yılmaz', 'E',17800,'Protez');
INSERT INTO doktor (doktor_id, ad, soyad, cinsiyet,doktor_maas,uzmanlik)
VALUES (12, 'Senem', 'Taş', 'K',29300,'Endodonti');
INSERT INTO doktor (doktor_id, ad, soyad, cinsiyet,doktor_maas,uzmanlik)
VALUES (13, 'Arya', 'Kısa', 'K',19400,'Ağız-Diş ve Çene Cerrahisi');
INSERT INTO doktor (doktor_id, ad, soyad, cinsiyet,doktor_maas,uzmanlik)
VALUES (14, 'Aslan', 'Semer', 'E',10500,'Endodonti');
INSERT INTO doktor (doktor_id, ad, soyad, cinsiyet,doktor_maas,uzmanlik)
VALUES (15, 'Sude', 'Altuğ', 'K',13200,'Ortodonti');
INSERT INTO doktor (doktor_id, ad, soyad, cinsiyet,doktor_maas,uzmanlik)
VALUES (16, 'Sinem', 'Kara', 'K',18500,'Endodonti');
INSERT INTO doktor (doktor_id, ad, soyad, cinsiyet,doktor_maas,uzmanlik)
VALUES (17, 'Emir', 'Altan', 'E',27900,'Ortodonti');
INSERT INTO doktor (doktor_id, ad, soyad, cinsiyet,doktor_maas,uzmanlik)
VALUES (18, 'Cenk', 'Kirsal', 'E',19800,'Protez');
INSERT INTO doktor (doktor_id, ad, soyad, cinsiyet,doktor_maas,uzmanlik)
VALUES (19, 'Ahmet', 'Esen', 'E',18800,'Endodonti');
INSERT INTO doktor (doktor_id, ad, soyad, cinsiyet,doktor_maas,uzmanlik)
VALUES (20, 'Neslihan', 'Ilgın', 'K',12000,'Protez');
INSERT INTO doktor (doktor_id, ad, soyad, cinsiyet,doktor_maas,uzmanlik)
VALUES (21, 'şahan', 'Boz', 'E',16700,'Endodonti');
INSERT INTO doktor (doktor_id, ad, soyad, cinsiyet,doktor_maas,uzmanlik)
VALUES (22, 'Hüseyin', 'Ege', 'E',19200,'Ortodonti');
INSERT INTO doktor (doktor_id, ad, soyad, cinsiyet,doktor_maas,uzmanlik)
VALUES (23, 'Mert', 'Durhan', 'E',17900,'Endodonti');
INSERT INTO doktor (doktor_id, ad, soyad, cinsiyet,doktor_maas,uzmanlik)
VALUES (24, 'irem', 'Altun', 'K',22000,'Endodonti');
INSERT INTO doktor (doktor_id, ad, soyad, cinsiyet,doktor_maas,uzmanlik)
VALUES (25, 'Burak', 'Ay', 'E',10100, 'Ortodonti');



INSERT INTO teknisyen (teknisyen_id, ad, soyad, cinsiyet,teknisyen_maas)
VALUES (100, 'Asya', 'Özen', 'K',7800);
INSERT INTO teknisyen (teknisyen_id, ad, soyad, cinsiyet,teknisyen_maas)
VALUES (101, 'Aslı', 'Derin', 'K',6300);
INSERT INTO teknisyen (teknisyen_id, ad, soyad, cinsiyet,teknisyen_maas)
VALUES (102, 'Cemre', 'Yılan', 'K',5700);
INSERT INTO teknisyen (teknisyen_id, ad, soyad, cinsiyet,teknisyen_maas)
VALUES (103, 'Sinan', 'Güz', 'E',6000);
INSERT INTO teknisyen (teknisyen_id, ad, soyad, cinsiyet,teknisyen_maas)
VALUES (104, 'Begüm', 'Acar', 'K',5400);
INSERT INTO teknisyen (teknisyen_id, ad, soyad, cinsiyet,teknisyen_maas)
VALUES (105, 'Ayşen', 'Ak', 'K',4600);
INSERT INTO teknisyen (teknisyen_id, ad, soyad, cinsiyet,teknisyen_maas)
VALUES (106, 'Burak', 'Yalan', 'E',5300);
INSERT INTO teknisyen (teknisyen_id, ad, soyad, cinsiyet,teknisyen_maas)
VALUES (107, 'Seda', 'Dal', 'K',5400);
INSERT INTO teknisyen (teknisyen_id, ad, soyad, cinsiyet,teknisyen_maas)
VALUES (108, 'Berk', 'Öztürk', 'E',6500);
INSERT INTO teknisyen (teknisyen_id, ad, soyad, cinsiyet,teknisyen_maas)
VALUES (109, 'Ayaz', 'Coş', 'E',4600);
INSERT INTO teknisyen (teknisyen_id, ad, soyad, cinsiyet,teknisyen_maas)
VALUES (110, 'Gamze', 'Ceylan', 'K',6000);
INSERT INTO teknisyen (teknisyen_id, ad, soyad, cinsiyet,teknisyen_maas)
VALUES (111, 'Özgür', 'Bal', 'E',4000);
INSERT INTO teknisyen (teknisyen_id, ad, soyad, cinsiyet,teknisyen_maas)
VALUES (112, 'Gönül', 'Civan', 'K',4900);
INSERT INTO teknisyen (teknisyen_id, ad, soyad, cinsiyet,teknisyen_maas)
VALUES (113, 'Afra', 'Çağan', 'K',5400);
INSERT INTO teknisyen (teknisyen_id, ad, soyad, cinsiyet,teknisyen_maas)
VALUES (114, 'Çağatay', 'Can', 'E',4800);




INSERT INTO hasta (hasta_id, doktor_id, teknisyen_id, ad, soyad, tc_kimlik, cinsiyet, tel_no, dogum_tarihi)
VALUES (200, 2, 103, 'Kubilay', 'Ova', '41344678912', 'E', '05851234567', '1989-11-16');
INSERT INTO hasta (hasta_id, doktor_id, teknisyen_id, ad, soyad, tc_kimlik ,cinsiyet, tel_no, dogum_tarihi)
VALUES (201, 1, 102, 'Özde', 'Delice', '32335578912', 'K', '05551234561', '1997-02-06');
INSERT INTO hasta (hasta_id, doktor_id, teknisyen_id, ad, soyad, tc_kimlik, cinsiyet, tel_no, dogum_tarihi)
VALUES (202, 3, 100, 'Atahan', 'Adanur', '22335678812','E', '05101234569', '1996-03-15');
  INSERT INTO hasta (hasta_id, doktor_id, teknisyen_id, ad, soyad, tc_kimlik, cinsiyet, tel_no, dogum_tarihi)
VALUES (203, 14, 104, ' Mehmet', 'Ağca', '31345668912','E', '05351244836', '1995-05-14');
INSERT INTO hasta (hasta_id, doktor_id, teknisyen_id, ad, soyad, tc_kimlik, cinsiyet, tel_no, dogum_tarihi)
VALUES (204, 11, 106, 'Tutkum', 'Ekrem', '82385678991','K', '05512945651', '1992-10-10');
INSERT INTO hasta (hasta_id, doktor_id, teknisyen_id, ad, soyad, tc_kimlik, cinsiyet, tel_no, dogum_tarihi)
VALUES (205, 10, 105, 'Servet', 'Çolak', '84445678916', 'E', '05451234564', '1999-04-09');
INSERT INTO hasta (hasta_id, doktor_id, teknisyen_id, ad, soyad, tc_kimlik,  cinsiyet, tel_no, dogum_tarihi)
VALUES (206, 13, 108, 'Emre ', 'Bilgiç', '32345578999', 'E', '05551834563', '1998-05-08');
INSERT INTO hasta (hasta_id, doktor_id, teknisyen_id, ad, soyad, tc_kimlik,  cinsiyet, tel_no, dogum_tarihi)
VALUES (207, 4, 106, 'İclal', 'Boy', '50315677972','K', '05951234542', '1997-01-11');
INSERT INTO hasta (hasta_id, doktor_id, teknisyen_id, ad, soyad, tc_kimlik,  cinsiyet, tel_no, dogum_tarihi)
VALUES (208, 7, 105, 'Recep ', 'Demiroğlu', '48045671013', 'E', '05751234562', '1994-07-04');
INSERT INTO hasta (hasta_id, doktor_id, teknisyen_id, ad, soyad, tc_kimlik,  cinsiyet, tel_no, dogum_tarihi)
VALUES (209, 6, 103, 'Ömer ', 'Dereli', '67345478312','E', '05151234568', '1993-09-06');
INSERT INTO hasta (hasta_id, doktor_id, teknisyen_id, ad, soyad, tc_kimlik,  cinsiyet, tel_no, dogum_tarihi)
VALUES (210, 8, 112, 'Aybike', 'Çulhaoğlu', '92325668945','K', '05550274567', '1995-12-14');
INSERT INTO hasta (hasta_id, doktor_id, teknisyen_id, ad, soyad, tc_kimlik,  cinsiyet, tel_no, dogum_tarihi)
VALUES (211, 9, 110, 'Yağar ', 'Çatal', '92145674912', 'E', '05551238516', '1997-10-12');
INSERT INTO hasta (hasta_id, doktor_id, teknisyen_id, ad, soyad, tc_kimlik,  cinsiyet, tel_no, dogum_tarihi)
VALUES (212, 11, 109, 'Müge', 'Dinçtürk', '97345760914', 'K', '05551434561', '1999-09-21');
INSERT INTO hasta (hasta_id, doktor_id, teknisyen_id, ad, soyad, tc_kimlik,  cinsiyet, tel_no, dogum_tarihi)
VALUES (213, 7, 100, 'Mazlum', 'Efrin', '84975678912', 'E', '05551274547', '1996-03-11');
INSERT INTO hasta (hasta_id, doktor_id, teknisyen_id, ad, soyad, tc_kimlik, cinsiyet, tel_no, dogum_tarihi)
VALUES (214,5 , 114, 'Ecem ', 'Ege', '22359078912', 'K', '05551431540', '1991-02-01');
INSERT INTO hasta (hasta_id, doktor_id, teknisyen_id, ad, soyad, tc_kimlik,  cinsiyet, tel_no, dogum_tarihi)
VALUES (215, 1, 104, 'Özde', 'şahin', '31345618909','K', '05451536511', '1997-02-06');
INSERT INTO hasta (hasta_id, doktor_id, teknisyen_id, ad, soyad, tc_kimlik, cinsiyet, tel_no, dogum_tarihi)
VALUES (216, 24, 100, 'İlyas', 'Aytaç', '97485203010', 'E', '05341287945', '1964-10-01');
INSERT INTO hasta (hasta_id, doktor_id, teknisyen_id, ad, soyad, tc_kimlik, cinsiyet, tel_no, dogum_tarihi)
VALUES (217, 21, 101, 'Nur', 'Onuk', '14769102020', 'K', '05743940216', '1979-10-14');
INSERT INTO hasta (hasta_id, doktor_id, teknisyen_id, ad, soyad, tc_kimlik, cinsiyet, tel_no, dogum_tarihi)
VALUES (218, 22, 102, 'Şerif', 'Öner', '34196302000', 'E', '05031249870', '1979-05-15');
INSERT INTO hasta (hasta_id, doktor_id, teknisyen_id, ad, soyad, tc_kimlik, cinsiyet, tel_no, dogum_tarihi)
VALUES (219, 18, 103, 'İlim', 'Şen', '10030020900', 'K', '05479615874', '1988-11-11');
INSERT INTO hasta (hasta_id, doktor_id, teknisyen_id, ad, soyad, tc_kimlik, cinsiyet, tel_no, dogum_tarihi)
VALUES (220, 19, 104, 'Yasin', 'Bodur', '40130982147', 'E', '05019875311', '1990-10-10');
INSERT INTO hasta (hasta_id, doktor_id, teknisyen_id, ad, soyad, tc_kimlik, cinsiyet, tel_no, dogum_tarihi)
VALUES (221, 20, 105, 'Berk', 'Yaman', '78912861294', 'E', '05069171493', '1999-11-14');
INSERT INTO hasta (hasta_id, doktor_id, teknisyen_id, ad, soyad, tc_kimlik, cinsiyet, tel_no, dogum_tarihi)
VALUES (222, 17, 106, 'Deniz', 'Atik', '91245678901', 'K', '05031649724', '1967-12-04');
INSERT INTO hasta (hasta_id, doktor_id, teknisyen_id, ad, soyad, tc_kimlik, cinsiyet, tel_no, dogum_tarihi)
VALUES (223, 19, 107, 'Halime', 'Adanur', '50330505350', 'K', '05098514736', '1979-12-28');
INSERT INTO hasta (hasta_id, doktor_id, teknisyen_id, ad, soyad, tc_kimlik, cinsiyet, tel_no, dogum_tarihi)
VALUES (224, 10, 102, 'Saime', 'Ban', '50921400980', 'K', '05234798620', '1998-09-20');
INSERT INTO hasta (hasta_id, doktor_id, teknisyen_id, ad, soyad, tc_kimlik, cinsiyet, tel_no, dogum_tarihi)
VALUES (225, 16, 109, 'Saba', 'Bağ', '18595406871', 'K', '05555555555', '1987-10-07');
INSERT INTO hasta (hasta_id, doktor_id, teknisyen_id, ad, soyad, tc_kimlik, cinsiyet, tel_no, dogum_tarihi)
VALUES (226, 13, 110, 'Nazif', 'Yeni', '74185296308', 'E', '05554185270', '1967-08-26');
INSERT INTO hasta (hasta_id, doktor_id, teknisyen_id, ad, soyad, tc_kimlik, cinsiyet, tel_no, dogum_tarihi)
VALUES (227, 5, 111, 'Edip', 'Kuşku', '71065498731', 'E', '05417896541', '1979-03-07');
INSERT INTO hasta (hasta_id, doktor_id, teknisyen_id, ad, soyad, tc_kimlik, cinsiyet, tel_no, dogum_tarihi)
VALUES (228, 15, 112, 'Çisem', 'Pişiren', '81265829314', 'K', '05412365208', '1970-12-17');
INSERT INTO hasta (hasta_id, doktor_id, teknisyen_id, ad, soyad, tc_kimlik, cinsiyet, tel_no, dogum_tarihi)
VALUES (229, 9, 113, 'Ali', 'Gülen', '10479520367', 'E', '05471328567', '1980-10-10');
INSERT INTO hasta (hasta_id, doktor_id, teknisyen_id, ad, soyad, tc_kimlik, cinsiyet, tel_no, dogum_tarihi)
VALUES (230, 19, 114, 'Zeynep', 'Koç', '10964823657', 'K', '05417854302', '1976-04-24');
INSERT INTO hasta (hasta_id, doktor_id, teknisyen_id, ad, soyad, tc_kimlik, cinsiyet, tel_no, dogum_tarihi)
VALUES (231, 20, 111, 'Kerim', 'Kayacan', '21597463012', 'E', '05149520763', '1967-07-30');
INSERT INTO hasta (hasta_id, doktor_id, teknisyen_id, ad, soyad, tc_kimlik, cinsiyet, tel_no, dogum_tarihi)
VALUES (232, 21, 114, 'Açelya', 'Eren', '87563214890', 'K', '05785421963', '1982-07-09');
INSERT INTO hasta (hasta_id, doktor_id, teknisyen_id, ad, soyad, tc_kimlik, cinsiyet, tel_no, dogum_tarihi)
VALUES (233, 22, 113, 'Gökay', 'Pektaş', '10875639821', 'E', '05478534908', '1975-12-19');
INSERT INTO hasta (hasta_id, doktor_id, teknisyen_id, ad, soyad, tc_kimlik, cinsiyet, tel_no, dogum_tarihi)
VALUES (234, 23, 112, 'Gizem', 'Aydoğan', '45632588888', 'K', '05149517485', '1997-07-18');
INSERT INTO hasta (hasta_id, doktor_id, teknisyen_id, ad, soyad, tc_kimlik, cinsiyet, tel_no, dogum_tarihi)
VALUES (235, 24, 111, 'Karya', 'Kılıç', '25874695301', 'K', '05041230074', '1959-06-27');
INSERT INTO hasta (hasta_id, doktor_id, teknisyen_id, ad, soyad, tc_kimlik, cinsiyet, tel_no, dogum_tarihi)
VALUES (236, 25, 110, 'Parıltı', 'Seyhan', '86723940183', 'K', '05788989898', '1965-09-29');
INSERT INTO hasta (hasta_id, doktor_id, teknisyen_id, ad, soyad, tc_kimlik, cinsiyet, tel_no, dogum_tarihi)
VALUES (237, 10, 114, 'Ayşegül', 'San', '16435972094', 'K', '05142032181', '1964-08-12');
INSERT INTO hasta (hasta_id, doktor_id, teknisyen_id, ad, soyad, tc_kimlik, cinsiyet, tel_no, dogum_tarihi)
VALUES (238, 11, 108, 'Sefa', 'As', '13469728640', 'E', '05473297451', '1981-03-12');
INSERT INTO hasta (hasta_id, doktor_id, teknisyen_id, ad, soyad, tc_kimlik, cinsiyet, tel_no, dogum_tarihi)
VALUES (239, 10, 107, 'Rüveyda', 'Gülşen', '34450598670', 'K', '05858585858', '1955-10-11');
INSERT INTO hasta (hasta_id, doktor_id, teknisyen_id, ad, soyad, tc_kimlik, cinsiyet, tel_no, dogum_tarihi)
VALUES (240, 9, 106, 'Sena', 'Aldin', '34256897042', 'K', '05050505050', '1956-01-10');
INSERT INTO hasta (hasta_id, doktor_id, teknisyen_id, ad, soyad, tc_kimlik, cinsiyet, tel_no, dogum_tarihi)
VALUES (241, 8, 105, 'Ezel', 'Saraç', '45265130333', 'E', '05114455667', '1951-10-01');
INSERT INTO hasta (hasta_id, doktor_id, teknisyen_id, ad, soyad, tc_kimlik, cinsiyet, tel_no, dogum_tarihi)
VALUES (242, 7, 104, 'Kadir', 'Demir', '17836497666', 'E', '05052312894', '1947-12-08');
INSERT INTO hasta (hasta_id, doktor_id, teknisyen_id, ad, soyad, tc_kimlik, cinsiyet, tel_no, dogum_tarihi)
VALUES (243, 6, 103, 'Buse', 'Doğan', '96478201940', 'K', '05551447483', '1988-07-16');
INSERT INTO hasta (hasta_id, doktor_id, teknisyen_id, ad, soyad, tc_kimlik, cinsiyet, tel_no, dogum_tarihi)
VALUES (244, 5, 102, 'Bilal', 'Çalışkan', '94562183495', 'E', '05333965370', '1991-08-11');
INSERT INTO hasta (hasta_id, doktor_id, teknisyen_id, ad, soyad, tc_kimlik, cinsiyet, tel_no, dogum_tarihi)
VALUES (245, 4, 101, 'Ecrin', 'Barbar', '18614902310', 'K', '05986457354', '1990-12-10');
INSERT INTO hasta (hasta_id, doktor_id, teknisyen_id, ad, soyad, tc_kimlik, cinsiyet, tel_no, dogum_tarihi)
VALUES (246, 3, 100, 'Safa', 'Savaş', '85314628902', 'E', '05989898987', '1960-01-29');
INSERT INTO hasta (hasta_id, doktor_id, teknisyen_id, ad, soyad, tc_kimlik, cinsiyet, tel_no, dogum_tarihi)
VALUES (247, 1, 110, 'Fazıl', 'Ulu', '13385407891', 'E', '05047456271', '1967-03-16');
INSERT INTO hasta (hasta_id, doktor_id, teknisyen_id, ad, soyad, tc_kimlik, cinsiyet, tel_no, dogum_tarihi)
VALUES (248, 10, 113, 'Didem', 'Yılmaz', '34344678912', 'K', '05788991247', '1966-04-20');
INSERT INTO hasta (hasta_id, doktor_id, teknisyen_id, ad, soyad, tc_kimlik, cinsiyet, tel_no, dogum_tarihi)
VALUES (249, 15, 113, 'Seda', 'Erdem', '11047638610', 'K', '05457824631', '1968-12-21');
INSERT INTO hasta (hasta_id, doktor_id, teknisyen_id, ad, soyad, tc_kimlik, cinsiyet, tel_no, dogum_tarihi)
VALUES (250, 18, 112, 'Berfin', 'Kulaç', '92344678613', 'K', '05414141419', '1974-05-22');
INSERT INTO hasta (hasta_id, doktor_id, teknisyen_id, ad, soyad, tc_kimlik, cinsiyet, tel_no, dogum_tarihi)
VALUES (251, 16, 111, 'Büşra', 'Öz', '70347678917', 'K', '05111348512', '1973-06-25');
INSERT INTO hasta (hasta_id, doktor_id, teknisyen_id, ad, soyad, tc_kimlik, cinsiyet, tel_no, dogum_tarihi)
VALUES (252, 20, 110, 'Berfu', 'Su', '67344678913', 'K', '05964753088', '1970-08-24');
INSERT INTO hasta (hasta_id, doktor_id, teknisyen_id, ad, soyad, tc_kimlik, cinsiyet, tel_no, dogum_tarihi)
VALUES (253, 17, 109, 'Armağan', 'Yiğit', '84344678919', 'K', '05225598651', '1972-08-26');
INSERT INTO hasta (hasta_id, doktor_id, teknisyen_id, ad, soyad, tc_kimlik, cinsiyet, tel_no, dogum_tarihi)
VALUES (254, 13, 108, 'Ulus', 'Ova', '99344878912', 'E', '05487888341', '1971-09-16');
INSERT INTO hasta (hasta_id, doktor_id, teknisyen_id, ad, soyad, tc_kimlik, cinsiyet, tel_no, dogum_tarihi)
VALUES (255, 10, 107, 'Yunus', 'Karakum', '19346672918', 'E', '05242625282', '1970-10-28');
INSERT INTO hasta (hasta_id, doktor_id, teknisyen_id, ad, soyad, tc_kimlik, cinsiyet, tel_no, dogum_tarihi)
VALUES (256, 19, 106, 'Altan', 'Kaya', '71594672910', 'E', '05741151617', '1966-12-29');
INSERT INTO hasta (hasta_id, doktor_id, teknisyen_id, ad, soyad, tc_kimlik, cinsiyet, tel_no, dogum_tarihi)
VALUES (257, 7, 105, 'Doğuş', 'Aksel', '21649638212', 'E', '05022659482', '1987-01-30');
INSERT INTO hasta (hasta_id, doktor_id, teknisyen_id, ad, soyad, tc_kimlik, cinsiyet, tel_no, dogum_tarihi)
VALUES (258, 14, 107, 'Batı', 'Ayhan', '31344678717', 'E', '05135659558', '1977-07-10');
INSERT INTO hasta (hasta_id, doktor_id, teknisyen_id, ad, soyad, tc_kimlik, cinsiyet, tel_no, dogum_tarihi)
VALUES (259, 13, 106, 'Kübra', 'Türk', '74344670970', 'K', '05125395644', '1961-08-15');
INSERT INTO hasta (hasta_id, doktor_id, teknisyen_id, ad, soyad, tc_kimlik, cinsiyet, tel_no, dogum_tarihi)
VALUES (260, 23, 105, 'Tansu', 'Öztürk', '98334871910', 'E', '05755628431', '1952-09-14');
INSERT INTO hasta (hasta_id, doktor_id, teknisyen_id, ad, soyad, tc_kimlik, cinsiyet, tel_no, dogum_tarihi)
VALUES (261, 25, 104, 'Serenay', 'Sarı', '38344278210', 'K', '05985631144', '1975-10-12');
INSERT INTO hasta (hasta_id, doktor_id, teknisyen_id, ad, soyad, tc_kimlik, cinsiyet, tel_no, dogum_tarihi)
VALUES (262, 24, 103, 'Can', 'Yavuz', '52344670911', 'E', '05146523495', '1958-08-10');
INSERT INTO hasta (hasta_id, doktor_id, teknisyen_id, ad, soyad, tc_kimlik, cinsiyet, tel_no, dogum_tarihi)
VALUES (263, 23, 102, 'Melike', 'Orhan', '32347676982', 'K', '05147953016', '1997-11-11');
INSERT INTO hasta (hasta_id, doktor_id, teknisyen_id, ad, soyad, tc_kimlik, cinsiyet, tel_no, dogum_tarihi)
VALUES (264, 22, 101, 'Melis', 'Akbulut', '22234467190', 'K', '05114477881', '1976-04-01');
INSERT INTO hasta (hasta_id, doktor_id, teknisyen_id, ad, soyad, tc_kimlik, cinsiyet, tel_no, dogum_tarihi)
VALUES (265, 21, 100, 'Sebiha', 'Uyanık', '61344778910', 'K', '05177896421', '1965-04-02');
INSERT INTO hasta (hasta_id, doktor_id, teknisyen_id, ad, soyad, tc_kimlik, cinsiyet, tel_no, dogum_tarihi)
VALUES (266, 20, 101, 'Medine', 'Dursun', '13314671010', 'K', '05655487798', '1984-05-30');
INSERT INTO hasta (hasta_id, doktor_id, teknisyen_id, ad, soyad, tc_kimlik, cinsiyet, tel_no, dogum_tarihi)
VALUES (267, 19, 102, 'Eren', 'Uzman', '17347678911', 'E', '05322145677', '1999-06-16');
INSERT INTO hasta (hasta_id, doktor_id, teknisyen_id, ad, soyad, tc_kimlik, cinsiyet, tel_no, dogum_tarihi)
VALUES (268, 18, 103, 'Nadir', 'Tekin', '69345618013', 'E', '05410087766', '1991-07-27');
INSERT INTO hasta (hasta_id, doktor_id, teknisyen_id, ad, soyad, tc_kimlik, cinsiyet, tel_no, dogum_tarihi)
VALUES (269, 17, 104, 'Selin', 'Ertekin', '21314679917', 'K', '05577988968', '1995-08-29');
INSERT INTO hasta (hasta_id, doktor_id, teknisyen_id, ad, soyad, tc_kimlik, cinsiyet, tel_no, dogum_tarihi)
VALUES (270, 16, 105, 'Özden', 'Sönmez', '41044738911', 'K', '05544346497', '1990-12-30');
INSERT INTO hasta (hasta_id, doktor_id, teknisyen_id, ad, soyad, tc_kimlik, cinsiyet, tel_no, dogum_tarihi)
VALUES (271, 15, 106, 'Doğan', 'Yücel', '51344778811', 'E', '05796764319', '1983-10-18');
INSERT INTO hasta (hasta_id, doktor_id, teknisyen_id, ad, soyad, tc_kimlik, cinsiyet, tel_no, dogum_tarihi)
VALUES (272, 14, 107, 'Yücel', 'Vural', '81314648904', 'E', '05232312457', '1970-10-17');
INSERT INTO hasta (hasta_id, doktor_id, teknisyen_id, ad, soyad, tc_kimlik, cinsiyet, tel_no, dogum_tarihi)
VALUES (273, 13, 108, 'Afra', 'Yüzbaşı', '71374588912', 'K', '05788966314', '1991-12-16');
INSERT INTO hasta (hasta_id, doktor_id, teknisyen_id, ad, soyad, tc_kimlik, cinsiyet, tel_no, dogum_tarihi)
VALUES (274, 12, 109, 'Mesut', 'Tüten', '61314618902', 'E', '05588961524', '1972-03-15');
INSERT INTO hasta (hasta_id, doktor_id, teknisyen_id, ad, soyad, tc_kimlik, cinsiyet, tel_no, dogum_tarihi)
VALUES (275, 11, 110, 'Gizem', 'Er', '51244278210', 'K', '05033467928', '1962-11-16');
INSERT INTO hasta (hasta_id, doktor_id, teknisyen_id, ad, soyad, tc_kimlik, cinsiyet, tel_no, dogum_tarihi)
VALUES (276, 10, 111, 'Elvan', 'Erkut', '80344670910', 'K', '05147418523', '1989-10-14');
INSERT INTO hasta (hasta_id, doktor_id, teknisyen_id, ad, soyad, tc_kimlik, cinsiyet, tel_no, dogum_tarihi)
VALUES (277, 9, 112, 'Zühre', 'Çevik', '12343678810', 'K', '05963528734', '1970-01-26');
INSERT INTO hasta (hasta_id, doktor_id, teknisyen_id, ad, soyad, tc_kimlik, cinsiyet, tel_no, dogum_tarihi)
VALUES (278, 8, 113, 'Meral', 'Kandemir', '51244078972', 'K', '05548799875', '1997-11-06');
INSERT INTO hasta (hasta_id, doktor_id, teknisyen_id, ad, soyad, tc_kimlik, cinsiyet, tel_no, dogum_tarihi)
VALUES (279, 7, 114, 'Karya', ' Olgun', '61344611918', 'K', '05334588710', '1994-11-15');
INSERT INTO hasta (hasta_id, doktor_id, teknisyen_id, ad, soyad, tc_kimlik, cinsiyet, tel_no, dogum_tarihi)
VALUES (280, 6, 114, 'Ayben', 'Kan', '48344678888', 'K', '05664770211', '1989-11-16');

 
INSERT INTO randevu (randevu_id, randevu_tarihi, randevu_saati, doktor_id, hasta_id)
VALUES (300, '2023-11-03', '09:20:00', 5, 211);
INSERT INTO randevu (randevu_id, randevu_tarihi, randevu_saati, doktor_id, hasta_id)
VALUES (301, '2023-10-21', '10:10:00', 10, 217);
INSERT INTO randevu (randevu_id, randevu_tarihi, randevu_saati, doktor_id, hasta_id)
VALUES (302, '2023-04-29', '11:40:00', 8,212);
INSERT INTO randevu (randevu_id, randevu_tarihi, randevu_saati, doktor_id, hasta_id)
VALUES (303, '2023-08-14', '12:30:00', 13, 211);
INSERT INTO randevu (randevu_id, randevu_tarihi, randevu_saati, doktor_id, hasta_id)
VALUES (304, '2023-08-05', '13:00:00', 2, 210);
INSERT INTO randevu (randevu_id, randevu_tarihi, randevu_saati, doktor_id, hasta_id)
VALUES (305, '2023-09-21', '08:20:00', 7, 206);
INSERT INTO randevu (randevu_id, randevu_tarihi, randevu_saati, doktor_id, hasta_id)
VALUES (306, '2023-01-12', '06:10:00', 1, 202);
INSERT INTO randevu (randevu_id, randevu_tarihi, randevu_saati, doktor_id, hasta_id)
VALUES (307, '2023-10-10', '13:00:00', 3, 205);
INSERT INTO randevu (randevu_id, randevu_tarihi, randevu_saati, doktor_id, hasta_id)
VALUES (308, '2023-11-19', '11:20:00', 15, 213);
INSERT INTO randevu (randevu_id, randevu_tarihi, randevu_saati, doktor_id, hasta_id)
VALUES (309, '2023-01-30', '13:10:00', 7, 214);
INSERT INTO randevu (randevu_id, randevu_tarihi, randevu_saati, doktor_id, hasta_id)
VALUES (310, '2023-10-01', '15:20:00', 11, 209);
INSERT INTO randevu (randevu_id, randevu_tarihi, randevu_saati, doktor_id, hasta_id)
VALUES (311, '2024-09-07', '10:00:00', 6, 211);
INSERT INTO randevu (randevu_id, randevu_tarihi, randevu_saati, doktor_id, hasta_id)
VALUES (312, '2023-12-24', '14:30:00', 4, 215);
INSERT INTO randevu (randevu_id, randevu_tarihi, randevu_saati, doktor_id, hasta_id)
VALUES (313, '2023-11-28', '10:40:00', 3,214);
INSERT INTO randevu (randevu_id, randevu_tarihi, randevu_saati, doktor_id, hasta_id)
VALUES (314, '2023-01-20', '13:00:00', 9, 208);
INSERT INTO randevu (randevu_id, randevu_tarihi, randevu_saati, doktor_id, hasta_id)
VALUES (315, '2023-12-30', '16:00:00', 11, 280);
INSERT INTO randevu (randevu_id, randevu_tarihi, randevu_saati, doktor_id, hasta_id)
VALUES (316, '2023-11-29', '15:00:00', 12, 278);
INSERT INTO randevu (randevu_id, randevu_tarihi, randevu_saati, doktor_id, hasta_id)
VALUES (317, '2024-10-28', '14:00:00', 13, 276);
INSERT INTO randevu (randevu_id, randevu_tarihi, randevu_saati, doktor_id, hasta_id)
VALUES (318, '2023-09-27', '13:00:00', 14, 274);
INSERT INTO randevu (randevu_id, randevu_tarihi, randevu_saati, doktor_id, hasta_id)
VALUES (319, '2023-08-26', '12:00:00', 15, 272);
INSERT INTO randevu (randevu_id, randevu_tarihi, randevu_saati, doktor_id, hasta_id)
VALUES (320, '2023-07-25', '11:10:00', 1, 270);
INSERT INTO randevu (randevu_id, randevu_tarihi, randevu_saati, doktor_id, hasta_id)
VALUES (321, '2023-06-24', '10:20:00', 2, 268);
INSERT INTO randevu (randevu_id, randevu_tarihi, randevu_saati, doktor_id, hasta_id)
VALUES (322, '2023-05-23', '09:30:00', 3, 266);
INSERT INTO randevu (randevu_id, randevu_tarihi, randevu_saati, doktor_id, hasta_id)
VALUES (323, '2023-04-22', '08:40:00', 4, 264);
INSERT INTO randevu (randevu_id, randevu_tarihi, randevu_saati, doktor_id, hasta_id)
VALUES (324, '2023-03-21', '07:50:00', 5, 262);
INSERT INTO randevu (randevu_id, randevu_tarihi, randevu_saati, doktor_id, hasta_id)
VALUES (325, '2023-02-19', '16:00:00', 6, 260);
INSERT INTO randevu (randevu_id, randevu_tarihi, randevu_saati, doktor_id, hasta_id)
VALUES (326, '2023-01-20', '15:10:00', 7, 258);
INSERT INTO randevu (randevu_id, randevu_tarihi, randevu_saati, doktor_id, hasta_id)
VALUES (327, '2023-12-30', '14:20:00', 8, 256);
INSERT INTO randevu (randevu_id, randevu_tarihi, randevu_saati, doktor_id, hasta_id)
VALUES (328, '2023-11-29', '13:30:00', 9, 254);
INSERT INTO randevu (randevu_id, randevu_tarihi, randevu_saati, doktor_id, hasta_id)
VALUES (329, '2023-10-15', '12:40:00', 10, 252);
INSERT INTO randevu (randevu_id, randevu_tarihi, randevu_saati, doktor_id, hasta_id)
VALUES (330, '2023-09-16', '11:50:00', 11, 250);
INSERT INTO randevu (randevu_id, randevu_tarihi, randevu_saati, doktor_id, hasta_id)
VALUES (331, '2023-08-17', '10:10:00', 12, 248);
INSERT INTO randevu (randevu_id, randevu_tarihi, randevu_saati, doktor_id, hasta_id)
VALUES (332, '2024-07-18', '09:20:00', 13, 246);
INSERT INTO randevu (randevu_id, randevu_tarihi, randevu_saati, doktor_id, hasta_id)
VALUES (333, '2024-06-19', '16:30:00', 14, 244);
INSERT INTO randevu (randevu_id, randevu_tarihi, randevu_saati, doktor_id, hasta_id)
VALUES (334, '2023-05-20', '15:40:00', 15, 242);
INSERT INTO randevu (randevu_id, randevu_tarihi, randevu_saati, doktor_id, hasta_id)
VALUES (335, '2023-04-21', '14:50:00', 16, 240);
INSERT INTO randevu (randevu_id, randevu_tarihi, randevu_saati, doktor_id, hasta_id)
VALUES (336, '2024-03-22', '13:00:00', 17, 238);
INSERT INTO randevu (randevu_id, randevu_tarihi, randevu_saati, doktor_id, hasta_id)
VALUES (337, '2023-02-23', '12:00:00', 18, 236);
INSERT INTO randevu (randevu_id, randevu_tarihi, randevu_saati, doktor_id, hasta_id)
VALUES (338, '2024-01-24', '11:30:00', 19, 235);
INSERT INTO randevu (randevu_id, randevu_tarihi, randevu_saati, doktor_id, hasta_id)
VALUES (339, '2023-11-25', '09:20:00', 20, 234);
INSERT INTO randevu (randevu_id, randevu_tarihi, randevu_saati, doktor_id, hasta_id)
VALUES (340, '2023-12-26', '08:10:00', 21, 232);
INSERT INTO randevu (randevu_id, randevu_tarihi, randevu_saati, doktor_id, hasta_id)
VALUES (341, '2023-08-27', '10:00:00', 22, 230);
INSERT INTO randevu (randevu_id, randevu_tarihi, randevu_saati, doktor_id, hasta_id)
VALUES (342, '2024-07-28', '07:50:00', 23, 228);
INSERT INTO randevu (randevu_id, randevu_tarihi, randevu_saati, doktor_id, hasta_id)
VALUES (343, '2023-06-29', '16:00:00', 24, 226);
INSERT INTO randevu (randevu_id, randevu_tarihi, randevu_saati, doktor_id, hasta_id)
VALUES (344, '2024-01-30', '14:00:00', 25, 224);
INSERT INTO randevu (randevu_id, randevu_tarihi, randevu_saati, doktor_id, hasta_id)
VALUES (345, '2023-12-14', '12:00:00', 10, 222);
INSERT INTO randevu (randevu_id, randevu_tarihi, randevu_saati, doktor_id, hasta_id)
VALUES (346, '2023-11-25', '11:10:00', 11, 220);
INSERT INTO randevu (randevu_id, randevu_tarihi, randevu_saati, doktor_id, hasta_id)
VALUES (347, '2023-12-26', '10:20:00', 12, 218);
INSERT INTO randevu (randevu_id, randevu_tarihi, randevu_saati, doktor_id, hasta_id)
VALUES (348, '2023-09-27', '09:40:00', 13, 216);
INSERT INTO randevu (randevu_id, randevu_tarihi, randevu_saati, doktor_id, hasta_id)
VALUES (349, '2023-08-28', '08:30:00', 14, 214);
INSERT INTO randevu (randevu_id, randevu_tarihi, randevu_saati, doktor_id, hasta_id)
VALUES (350, '2023-07-29', '12:40:00', 15, 212);
INSERT INTO randevu (randevu_id, randevu_tarihi, randevu_saati, doktor_id, hasta_id)
VALUES (351, '2023-06-30', '13:10:00', 16, 210);
INSERT INTO randevu (randevu_id, randevu_tarihi, randevu_saati, doktor_id, hasta_id)
VALUES (352, '2024-02-01', '14:30:00', 17, 211);
INSERT INTO randevu (randevu_id, randevu_tarihi, randevu_saati, doktor_id, hasta_id)
VALUES (353, '2023-03-02', '15:30:00', 18, 279);
INSERT INTO randevu (randevu_id, randevu_tarihi, randevu_saati, doktor_id, hasta_id)
VALUES (354, '2023-04-03', '16:00:00',19, 268);
INSERT INTO randevu (randevu_id, randevu_tarihi, randevu_saati, doktor_id, hasta_id)
VALUES (355, '2023-05-04', '08:30:00', 20, 277);
INSERT INTO randevu (randevu_id, randevu_tarihi, randevu_saati, doktor_id, hasta_id)
VALUES (356, '2023-06-05', '09:40:00', 21, 256);
INSERT INTO randevu (randevu_id, randevu_tarihi, randevu_saati, doktor_id, hasta_id)
VALUES (357, '2023-07-06', '10:00:00', 22, 245);
INSERT INTO randevu (randevu_id, randevu_tarihi, randevu_saati, doktor_id, hasta_id)
VALUES (358, '2023-12-07', '11:00:00', 23, 246);
INSERT INTO randevu (randevu_id, randevu_tarihi, randevu_saati, doktor_id, hasta_id)
VALUES (359, '2023-08-15', '12:00:00', 24, 263);
INSERT INTO randevu (randevu_id, randevu_tarihi, randevu_saati, doktor_id, hasta_id)
VALUES (360, '2023-11-30', '13:20:00', 25, 261);


INSERT INTO muayene (muayene_id, doktor_id, teknisyen_id, hasta_id,teşhis_id, muayene_tarihi, muayene_saati) VALUES (400, 22, 112, 211,950,'2024-01-01', '08:30:00');
INSERT INTO muayene (muayene_id, doktor_id, teknisyen_id, hasta_id,teşhis_id, muayene_tarihi, muayene_saati) VALUES (401, 21, 105, 207,934, '2023-07-07', '10:20:00');
INSERT INTO muayene (muayene_id, doktor_id, teknisyen_id, hasta_id,teşhis_id, muayene_tarihi, muayene_saati)VALUES (402, 25, 111, 213,915, '2023-11-23', '11:10:00');
INSERT INTO muayene (muayene_id, doktor_id, teknisyen_id, hasta_id,teşhis_id, muayene_tarihi, muayene_saati)VALUES (403, 7, 109, 212,911, '2023-12-14', '12:00:00');
INSERT INTO muayene (muayene_id, doktor_id, teknisyen_id, hasta_id,teşhis_id, muayene_tarihi, muayene_saati)VALUES (404, 10, 111, 207,910, '2023-02-01', '10:00:00');
INSERT INTO muayene (muayene_id, doktor_id, teknisyen_id, hasta_id,teşhis_id,muayene_tarihi, muayene_saati)VALUES (405, 20, 113, 213,909, '2024-11-07', '14:40:00');
INSERT INTO muayene (muayene_id, doktor_id, teknisyen_id, hasta_id,teşhis_id, muayene_tarihi, muayene_saati)VALUES (406, 19, 103, 214,908, '2023-09-04', '11:50:00');
INSERT INTO muayene (muayene_id, doktor_id, teknisyen_id, hasta_id,teşhis_id, muayene_tarihi, muayene_saati)VALUES (407, 1, 100, 215,907, '2023-09-04', '08:10:00');
INSERT INTO muayene (muayene_id, doktor_id, teknisyen_id, hasta_id,teşhis_id, muayene_tarihi, muayene_saati)VALUES (408, 25, 108, 210,906, '2023-09-24', '09:00:00');
INSERT INTO muayene (muayene_id, doktor_id, teknisyen_id, hasta_id,teşhis_id, muayene_tarihi, muayene_saati)VALUES (409, 24, 114, 206,905, '2023-08-15', '12:20:00');
INSERT INTO muayene (muayene_id, doktor_id, teknisyen_id, hasta_id,teşhis_id, muayene_tarihi, muayene_saati)VALUES (410, 23, 113, 211,904, '2023-05-21', '11:00:00');
INSERT INTO muayene (muayene_id, doktor_id, teknisyen_id, hasta_id,teşhis_id, muayene_tarihi, muayene_saati)VALUES (411, 22,111, 209,903, '2023-02-08', '09:30:00');
INSERT INTO muayene (muayene_id, doktor_id, teknisyen_id, hasta_id,teşhis_id, muayene_tarihi, muayene_saati)VALUES (412, 3, 104, 212,902, '2023-07-03', '10:10:00');
INSERT INTO muayene (muayene_id, doktor_id, teknisyen_id, hasta_id,teşhis_id, muayene_tarihi, muayene_saati)VALUES (413, 18, 106, 213,901, '2024-06-14', '12:00:00');
INSERT INTO muayene (muayene_id, doktor_id, teknisyen_id, hasta_id,teşhis_id, muayene_tarihi, muayene_saati)VALUES (414, 19, 101, 214,903, '2023-11-15', '14:20:00');
INSERT INTO muayene (muayene_id, doktor_id, teknisyen_id, hasta_id,teşhis_id, muayene_tarihi, muayene_saati)VALUES (415, 23, 113, 215,944, '2023-11-26', '15:40:00');
INSERT INTO muayene (muayene_id, doktor_id, teknisyen_id, hasta_id,teşhis_id, muayene_tarihi, muayene_saati)VALUES (416, 2, 112, 216,956, '2023-10-24', '14:30:00');
INSERT INTO muayene (muayene_id, doktor_id, teknisyen_id, hasta_id,teşhis_id, muayene_tarihi, muayene_saati)VALUES (417, 3, 111, 217,959, '2023-08-15', '13:20:00');
INSERT INTO muayene (muayene_id, doktor_id, teknisyen_id, hasta_id,teşhis_id, muayene_tarihi, muayene_saati)VALUES (418, 4, 110, 218,961, '2023-07-16', '12:10:00');
INSERT INTO muayene (muayene_id, doktor_id, teknisyen_id, hasta_id,teşhis_id, muayene_tarihi, muayene_saati)VALUES (419, 5, 109, 219,970, '2023-06-05', '10:30:00');
INSERT INTO muayene (muayene_id, doktor_id, teknisyen_id, hasta_id,teşhis_id, muayene_tarihi, muayene_saati)VALUES (420, 6, 108, 220,969, '2023-03-21', '13:10:00');
INSERT INTO muayene (muayene_id, doktor_id, teknisyen_id, hasta_id,teşhis_id, muayene_tarihi, muayene_saati)VALUES (421, 7, 107, 221,968, '2023-05-11', '14:20:00');
INSERT INTO muayene (muayene_id, doktor_id, teknisyen_id, hasta_id,teşhis_id, muayene_tarihi, muayene_saati)VALUES (422, 8, 106, 222,964, '2024-04-12', '15:00:00');
INSERT INTO muayene (muayene_id, doktor_id, teknisyen_id, hasta_id,teşhis_id,muayene_tarihi, muayene_saati)VALUES (423, 9, 100, 223,963, '2023-03-13', '16:50:00');
INSERT INTO muayene (muayene_id, doktor_id, teknisyen_id, hasta_id,teşhis_id, muayene_tarihi, muayene_saati)VALUES (424, 10, 105, 224,920, '2024-02-02', '10:40:00');
INSERT INTO muayene (muayene_id, doktor_id, teknisyen_id, hasta_id,teşhis_id, muayene_tarihi, muayene_saati)VALUES (425, 11, 104, 225,928, '2024-01-10', '08:30:00');
INSERT INTO muayene (muayene_id, doktor_id, teknisyen_id, hasta_id,teşhis_id, muayene_tarihi, muayene_saati)VALUES (426, 12, 103, 226,931, '2023-12-18', '09:20:00');
INSERT INTO muayene (muayene_id, doktor_id, teknisyen_id, hasta_id,teşhis_id, muayene_tarihi, muayene_saati)VALUES (427, 13, 102, 227,911, '2023-11-01', '16:10:00');
INSERT INTO muayene (muayene_id, doktor_id, teknisyen_id, hasta_id,teşhis_id, muayene_tarihi, muayene_saati)VALUES (428, 14, 101, 228,912, '2023-10-02', '15:00:00');
INSERT INTO muayene (muayene_id, doktor_id, teknisyen_id, hasta_id,teşhis_id, muayene_tarihi, muayene_saati)VALUES (429, 15, 101, 229,943,'2023-09-30', '14:50:00');
INSERT INTO muayene (muayene_id, doktor_id, teknisyen_id, hasta_id,teşhis_id, muayene_tarihi, muayene_saati)VALUES (430, 16, 112, 230,942, '2023-08-28', '13:40:00');
INSERT INTO muayene (muayene_id, doktor_id, teknisyen_id, hasta_id,teşhis_id, muayene_tarihi, muayene_saati)VALUES (431, 17, 113, 231,941, '2023-04-26', '12:30:00');
INSERT INTO muayene (muayene_id, doktor_id, teknisyen_id, hasta_id,teşhis_id, muayene_tarihi, muayene_saati)VALUES (432, 18, 114, 232,940, '2023-05-25', '11:20:00');
INSERT INTO muayene (muayene_id, doktor_id, teknisyen_id, hasta_id,teşhis_id, muayene_tarihi, muayene_saati)VALUES (433, 19, 100, 233,939, '2023-06-24', '10:10:00');
INSERT INTO muayene (muayene_id, doktor_id, teknisyen_id, hasta_id,teşhis_id, muayene_tarihi, muayene_saati)VALUES (434, 20, 101, 234,938, '2023-08-23', '11:00:00');
INSERT INTO muayene (muayene_id, doktor_id, teknisyen_id, hasta_id,teşhis_id,muayene_tarihi, muayene_saati)VALUES (435, 21, 102, 235,937, '2023-07-22', '12:50:00');
INSERT INTO muayene (muayene_id, doktor_id, teknisyen_id, hasta_id,teşhis_id,muayene_tarihi, muayene_saati)VALUES (436, 22, 103, 236, 936,'2023-09-21', '13:40:00');
INSERT INTO muayene (muayene_id, doktor_id, teknisyen_id, hasta_id,teşhis_id, muayene_tarihi, muayene_saati)VALUES (437, 23, 104, 237,935, '2023-10-20', '14:30:00');
INSERT INTO muayene (muayene_id, doktor_id, teknisyen_id, hasta_id,teşhis_id, muayene_tarihi, muayene_saati)VALUES (438, 24, 105, 238,934, '2023-11-19', '15:20:00');
INSERT INTO muayene (muayene_id, doktor_id, teknisyen_id, hasta_id,teşhis_id, muayene_tarihi, muayene_saati)VALUES (439, 25, 106, 239,933, '2023-12-18', '16:10:00');
INSERT INTO muayene (muayene_id, doktor_id, teknisyen_id, hasta_id,teşhis_id, muayene_tarihi, muayene_saati)VALUES (440, 10, 107, 240,932, '2023-12-01', '16:00:00');
INSERT INTO muayene (muayene_id, doktor_id, teknisyen_id, hasta_id,teşhis_id, muayene_tarihi, muayene_saati)VALUES (441, 11, 108, 241,931, '2023-11-02', '08:10:00');
INSERT INTO muayene (muayene_id, doktor_id, teknisyen_id, hasta_id,teşhis_id, muayene_tarihi, muayene_saati)VALUES (442, 12, 109, 242,930,'2024-10-03', '09:00:00');
INSERT INTO muayene (muayene_id, doktor_id, teknisyen_id, hasta_id,teşhis_id, muayene_tarihi, muayene_saati)VALUES (443, 13, 110, 243,929, '2023-09-04', '10:10:00');
INSERT INTO muayene (muayene_id, doktor_id, teknisyen_id, hasta_id,teşhis_id, muayene_tarihi, muayene_saati)VALUES (444, 14, 111, 244,928, '2023-08-05', '11:20:00');
INSERT INTO muayene (muayene_id, doktor_id, teknisyen_id, hasta_id,teşhis_id, muayene_tarihi, muayene_saati)VALUES (445, 15, 112, 245,927, '2023-07-04', '12:30:00');
INSERT INTO muayene (muayene_id, doktor_id, teknisyen_id, hasta_id,teşhis_id, muayene_tarihi, muayene_saati)VALUES (446, 16, 113, 246,926, '2023-06-03', '13:40:00');
INSERT INTO muayene (muayene_id, doktor_id, teknisyen_id, hasta_id,teşhis_id, muayene_tarihi, muayene_saati)VALUES (447, 17, 114, 247,925, '2023-05-02', '14:50:00');
INSERT INTO muayene (muayene_id, doktor_id, teknisyen_id, hasta_id,teşhis_id, muayene_tarihi, muayene_saati)VALUES (448, 18, 105, 248,924, '2024-04-24', '15:00:00');
INSERT INTO muayene (muayene_id, doktor_id, teknisyen_id, hasta_id,teşhis_id, muayene_tarihi, muayene_saati)VALUES (449, 19, 106, 249,923, '2024-03-28', '16:20:00');
INSERT INTO muayene (muayene_id, doktor_id, teknisyen_id, hasta_id,teşhis_id,muayene_tarihi, muayene_saati)VALUES (450, 20, 107, 251,922, '2023-12-29', '09:10:00');
INSERT INTO muayene (muayene_id, doktor_id, teknisyen_id, hasta_id,teşhis_id, muayene_tarihi, muayene_saati)VALUES (451, 21, 108, 250,921, '2024-01-30', '09:20:00');
INSERT INTO muayene (muayene_id, doktor_id, teknisyen_id, hasta_id,teşhis_id, muayene_tarihi, muayene_saati)VALUES (452, 22, 109, 252,920, '2024-01-10', '10:30:00');
INSERT INTO muayene (muayene_id, doktor_id, teknisyen_id, hasta_id,teşhis_id, muayene_tarihi, muayene_saati)VALUES (453, 23, 100, 253,919, '2023-11-26', '11:40:00');
INSERT INTO muayene (muayene_id, doktor_id, teknisyen_id, hasta_id,teşhis_id, muayene_tarihi, muayene_saati)VALUES (454, 24, 101, 254,918, '2023-11-02', '12:50:00');
INSERT INTO muayene (muayene_id, doktor_id, teknisyen_id, hasta_id,teşhis_id, muayene_tarihi, muayene_saati)VALUES (455, 25, 102, 255,944, '2023-10-03', '13:00:00');
INSERT INTO muayene (muayene_id, doktor_id, teknisyen_id, hasta_id,teşhis_id, muayene_tarihi, muayene_saati)VALUES (456, 1, 107, 256,945, '2023-09-04', '14:30:00');
INSERT INTO muayene (muayene_id, doktor_id, teknisyen_id, hasta_id,teşhis_id, muayene_tarihi, muayene_saati)VALUES (457, 2, 114, 257,946, '2023-02-05', '15:20:00');
INSERT INTO muayene (muayene_id, doktor_id, teknisyen_id, hasta_id,teşhis_id, muayene_tarihi, muayene_saati)VALUES (458, 3, 113, 258,947, '2024-03-06', '16:00:00');
INSERT INTO muayene (muayene_id, doktor_id, teknisyen_id, hasta_id,teşhis_id, muayene_tarihi, muayene_saati)VALUES (459, 4, 112, 259,948, '2023-04-07', '08:10:00');
INSERT INTO muayene (muayene_id, doktor_id, teknisyen_id, hasta_id,teşhis_id, muayene_tarihi, muayene_saati)VALUES (460, 5, 111, 260,949, '2023-05-08', '09:00:00');
INSERT INTO muayene (muayene_id, doktor_id, teknisyen_id, hasta_id, teşhis_id,muayene_tarihi, muayene_saati)VALUES (461, 6, 110, 261,950, '2023-06-09', '14:20:00');
INSERT INTO muayene (muayene_id, doktor_id, teknisyen_id, hasta_id,teşhis_id, muayene_tarihi, muayene_saati)VALUES (462, 7, 109, 262,951, '2023-07-10', '16:10:00');
INSERT INTO muayene (muayene_id, doktor_id, teknisyen_id, hasta_id,teşhis_id, muayene_tarihi, muayene_saati)VALUES (463, 8, 108, 263,952, '2023-08-11', '15:20:00');
INSERT INTO muayene (muayene_id, doktor_id, teknisyen_id, hasta_id,teşhis_id, muayene_tarihi, muayene_saati)VALUES (464, 9, 107, 264,953, '2023-09-12', '14:30:00');
INSERT INTO muayene (muayene_id, doktor_id, teknisyen_id, hasta_id,teşhis_id, muayene_tarihi, muayene_saati)VALUES (465, 10, 106, 265,954, '2023-10-13', '13:40:00');
INSERT INTO muayene (muayene_id, doktor_id, teknisyen_id, hasta_id, teşhis_id,muayene_tarihi, muayene_saati)VALUES (466, 11, 105, 266,955, '2023-11-14', '12:50:00');
INSERT INTO muayene (muayene_id, doktor_id, teknisyen_id, hasta_id,teşhis_id, muayene_tarihi, muayene_saati)VALUES (467, 12, 104, 267,956, '2023-12-15', '11:20:00');
INSERT INTO muayene (muayene_id, doktor_id, teknisyen_id, hasta_id,teşhis_id, muayene_tarihi, muayene_saati)VALUES (468, 13, 103, 268,957, '2024-01-16', '10:50:00');
INSERT INTO muayene (muayene_id, doktor_id, teknisyen_id, hasta_id,teşhis_id, muayene_tarihi, muayene_saati)VALUES (469, 14, 102, 269,958, '2024-02-17', '16:40:00');
INSERT INTO muayene (muayene_id, doktor_id, teknisyen_id, hasta_id, teşhis_id,muayene_tarihi, muayene_saati)VALUES (470, 15, 101, 270,959, '2023-03-18', '15:30:00');
INSERT INTO muayene (muayene_id, doktor_id, teknisyen_id, hasta_id,teşhis_id, muayene_tarihi, muayene_saati)VALUES (471, 16, 100, 271,960, '2024-04-19', '14:20:00');
INSERT INTO muayene (muayene_id, doktor_id, teknisyen_id, hasta_id,teşhis_id, muayene_tarihi, muayene_saati)VALUES (472, 17, 114, 272,961, '2023-05-20', '13:10:00');
INSERT INTO muayene (muayene_id, doktor_id, teknisyen_id, hasta_id,teşhis_id, muayene_tarihi, muayene_saati)VALUES (473, 18, 113, 273, 962,'2023-06-21', '12:40:00');
INSERT INTO muayene (muayene_id, doktor_id, teknisyen_id, hasta_id,teşhis_id, muayene_tarihi, muayene_saati)VALUES (474, 19, 112, 274,963, '2023-07-22', '11:30:00');
INSERT INTO muayene (muayene_id, doktor_id, teknisyen_id, hasta_id,teşhis_id, muayene_tarihi, muayene_saati)VALUES (475, 20, 111, 275,964, '2023-08-23', '10:25:00');
INSERT INTO muayene (muayene_id, doktor_id, teknisyen_id, hasta_id,teşhis_id, muayene_tarihi, muayene_saati)VALUES (476, 21, 110, 276,965, '2023-09-24', '08:40:00');
INSERT INTO muayene (muayene_id, doktor_id, teknisyen_id, hasta_id,teşhis_id, muayene_tarihi, muayene_saati)VALUES (477, 22, 106, 277,966, '2023-10-25', '09:50:00');
INSERT INTO muayene (muayene_id, doktor_id, teknisyen_id, hasta_id,teşhis_id, muayene_tarihi, muayene_saati)VALUES (478, 23, 107, 278,967, '2023-11-26', '10:40:00');
INSERT INTO muayene (muayene_id, doktor_id, teknisyen_id, hasta_id,teşhis_id, muayene_tarihi, muayene_saati)VALUES (479, 24, 109, 279,968, '2023-12-27', '11:30:00');
INSERT INTO muayene (muayene_id, doktor_id, teknisyen_id, hasta_id,teşhis_id, muayene_tarihi, muayene_saati)VALUES (480, 25, 108, 280,970, '2023-11-15', '10:20:00');




INSERT INTO ilac (ilac_id,hasta_id, ilac_ad, fiyat, son_kullanma_tarihi, etken_madde) VALUES (600,279, 'Aspirin', 77.99, '2023-04-27', 'Asetilsalisilik asit');
INSERT INTO ilac (ilac_id,hasta_id, ilac_ad, fiyat, son_kullanma_tarihi, etken_madde) VALUES (601,276, 'Parol', 160.49, '2024-04-15', 'Parasetamol');
INSERT INTO ilac (ilac_id,hasta_id, ilac_ad, fiyat, son_kullanma_tarihi, etken_madde) VALUES (602,275,'Buprofen', 77.99, '2025-07-29', 'Psödoefedrin hidroklorür');
INSERT INTO ilac (ilac_id,hasta_id, ilac_ad, fiyat, son_kullanma_tarihi, etken_madde) VALUES (603,272, 'Majezik', 19.99, '2024-11-30', 'Flurbiprofen');
INSERT INTO ilac (ilac_id,hasta_id, ilac_ad, fiyat, son_kullanma_tarihi, etken_madde) VALUES (604,270, 'Apranax', 29.99, '2024-12-31', 'Naproksen sodyum');
INSERT INTO ilac (ilac_id,hasta_id, ilac_ad, fiyat, son_kullanma_tarihi, etken_madde) VALUES (605,268, 'Amoklavin ', 65.00, '2023-06-30', 'Diklofenak sodyum');
INSERT INTO ilac (ilac_id,hasta_id, ilac_ad, fiyat, son_kullanma_tarihi, etken_madde) VALUES (606,266, 'Dolorex', 96.50, '2024-07-11', 'Diklofenak potasyum');
INSERT INTO ilac (ilac_id,hasta_id, ilac_ad, fiyat, son_kullanma_tarihi, etken_madde) VALUES (607,264, 'Arveles', 58.00, '2024-09-24', 'Deksketoprofen');
INSERT INTO ilac (ilac_id,hasta_id, ilac_ad, fiyat, son_kullanma_tarihi, etken_madde) VALUES (608,262, 'Katarin', 250.50, '2024-12-15', 'Sorbitol');
INSERT INTO ilac (ilac_id,hasta_id, ilac_ad, fiyat, son_kullanma_tarihi, etken_madde) VALUES (609,260, 'Klamoks ', 65.00, '2024-10-31', 'Amoksisilin');
INSERT INTO ilac (ilac_id,hasta_id, ilac_ad, fiyat, son_kullanma_tarihi, etken_madde) VALUES (610,258, 'Deklarit ', 65.00, '2024-01-01', 'Klaritromisin');
INSERT INTO ilac (ilac_id,hasta_id, ilac_ad, fiyat, son_kullanma_tarihi, etken_madde) VALUES (611,256, 'Penflox ', 138.49, '2025-07-06', 'Flukloksasilin');
INSERT INTO ilac (ilac_id,hasta_id, ilac_ad, fiyat, son_kullanma_tarihi, etken_madde) VALUES (612,254, 'Ciflosin ', 216.99, '2023-10-25', 'Siprofloksasin');
INSERT INTO ilac (ilac_id,hasta_id, ilac_ad, fiyat, son_kullanma_tarihi, etken_madde) VALUES (613,252, 'Minoset ', 129.99, '2024-08-31', 'Parasetamol');
INSERT INTO ilac (ilac_id,hasta_id, ilac_ad, fiyat, son_kullanma_tarihi, etken_madde) VALUES (614,250, 'Augmentin', 220.00, '2023-10-10', 'Amoksisilin');
INSERT INTO ilac (ilac_id,hasta_id, ilac_ad, fiyat, son_kullanma_tarihi, etken_madde) VALUES (615,248, 'Dişinol', 68.00, '2024-11-30', ' Klorbutanol');
INSERT INTO ilac (ilac_id,hasta_id, ilac_ad, fiyat, son_kullanma_tarihi, etken_madde) VALUES (616,246, 'Morfin', 90.00, '2025-02-03', 'Hidroklorür');
INSERT INTO ilac (ilac_id,hasta_id, ilac_ad, fiyat, son_kullanma_tarihi, etken_madde) VALUES (617,244, 'Etol', 127.00, '2024-12-02', 'Etodolak');
INSERT INTO ilac (ilac_id,hasta_id, ilac_ad, fiyat, son_kullanma_tarihi, etken_madde) VALUES (618,242, 'asetaminofen', 24.50, '2025-12-10', 'Parasetamol');
INSERT INTO ilac (ilac_id,hasta_id, ilac_ad, fiyat, son_kullanma_tarihi, etken_madde) VALUES (619,240, 'Parodium', 242.40, '2024-01-16', 'Lidokain hidroklorür');
INSERT INTO ilac (ilac_id,hasta_id, ilac_ad, fiyat, son_kullanma_tarihi, etken_madde) VALUES (620,238, 'Diclofam ', 246.00, '2026-02-17', 'Diklofenak potasyum');
INSERT INTO ilac (ilac_id,hasta_id, ilac_ad, fiyat, son_kullanma_tarihi, etken_madde) VALUES (621,239, 'DexForte', 95.50, '2024-03-23', 'Deksketoprofen trometamol');
INSERT INTO ilac (ilac_id,hasta_id, ilac_ad, fiyat, son_kullanma_tarihi, etken_madde) VALUES (622,220, 'Piraldyne ', 100.00, '2023-04-28', 'Salisilik asit');
INSERT INTO ilac (ilac_id,hasta_id, ilac_ad, fiyat, son_kullanma_tarihi, etken_madde) VALUES (623,233, 'Flagyl', 135.50, '2025-05-26', 'Metronidazol');
INSERT INTO ilac (ilac_id,hasta_id, ilac_ad, fiyat, son_kullanma_tarihi, etken_madde) VALUES (624,232, 'Fucidin', 120.50, '2024-06-24', 'Sodyum fusidat');
INSERT INTO ilac (ilac_id,hasta_id, ilac_ad, fiyat, son_kullanma_tarihi, etken_madde) VALUES (625,230, 'Coumadin', 155.50, '2023-07-11', 'Warfarin');
INSERT INTO ilac (ilac_id,hasta_id, ilac_ad, fiyat, son_kullanma_tarihi, etken_madde) VALUES (626,228, 'Abizol', 220.00, '2026-08-06', 'Aripiprazol');
INSERT INTO ilac (ilac_id,hasta_id, ilac_ad, fiyat, son_kullanma_tarihi, etken_madde) VALUES (627,227, 'Ebafit', 250.50, '2024-09-05', 'Ebastin');
INSERT INTO ilac (ilac_id,hasta_id, ilac_ad, fiyat, son_kullanma_tarihi, etken_madde) VALUES (628,225, 'Rovamycine', 130.49, '2026-01-20', 'Spiramisin');
INSERT INTO ilac (ilac_id,hasta_id, ilac_ad, fiyat, son_kullanma_tarihi, etken_madde) VALUES (629,220, 'Kalidren', 97.55, '2025-02-19', 'Diklofenak potasyum');
INSERT INTO ilac (ilac_id,hasta_id,ilac_ad, fiyat, son_kullanma_tarihi, etken_madde) VALUES (630,226, 'Protefix', 168.40, '2023-11-05', 'TGO');
INSERT INTO ilac (ilac_id,hasta_id,ilac_ad, fiyat, son_kullanma_tarihi, etken_madde) VALUES (631,224, 'Unisef', 220.00, '2025-01-29', 'Sefepim hidroklorür');
INSERT INTO ilac (ilac_id,hasta_id, ilac_ad, fiyat, son_kullanma_tarihi, etken_madde) VALUES (632,220, 'Cipralex', 86.50, '2023-12-30', 'Essitaloprama');
INSERT INTO ilac (ilac_id,hasta_id, ilac_ad, fiyat, son_kullanma_tarihi, etken_madde) VALUES (633,221, 'Novalgin', 25.00, '2025-09-13', 'Metamizol sodyum');
INSERT INTO ilac (ilac_id,hasta_id, ilac_ad, fiyat, son_kullanma_tarihi, etken_madde) VALUES (634,229, 'Anestol', 140.00, '2024-03-14', 'Lidokain');
INSERT INTO ilac (ilac_id,hasta_id, ilac_ad, fiyat, son_kullanma_tarihi, etken_madde) VALUES (635,210, 'Atarax', 100.00, '2023-10-06', 'Hidroksizin');
INSERT INTO ilac (ilac_id,hasta_id, ilac_ad, fiyat, son_kullanma_tarihi, etken_madde) VALUES (636,205, 'Klavunat ', 75.50, '2025-08-18', 'Klavulanik asit');
INSERT INTO ilac (ilac_id,hasta_id, ilac_ad, fiyat, son_kullanma_tarihi, etken_madde) VALUES (637,209, 'ibuprofen ', 90.00, '2024-02-10', 'ibuprofen');
INSERT INTO ilac (ilac_id,hasta_id, ilac_ad, fiyat, son_kullanma_tarihi, etken_madde) VALUES (638,202, 'Penisilin ', 120.00, '2025-11-27', 'Prokain penisilin');
INSERT INTO ilac (ilac_id,hasta_id, ilac_ad, fiyat, son_kullanma_tarihi, etken_madde) VALUES (639,248, 'Perkoket  ', 84.00, '2023-12-20', 'Oksikodon');
INSERT INTO ilac (ilac_id,hasta_id, ilac_ad, fiyat, son_kullanma_tarihi, etken_madde) VALUES (640,260, 'Amoksisilin ', 63.00, '2024-02-25', 'Klavulanik asit');
INSERT INTO ilac (ilac_id,hasta_id, ilac_ad, fiyat, son_kullanma_tarihi, etken_madde) VALUES (641,270, 'Majezik', 121.99, '2023-01-30', 'Flurbiprofen');

INSERT INTO teşhis (teşhis_id, hasta_id,ilac_id, doktor_id, tedavi)
VALUES (901,280 ,600, 3, 'Diş çekimi'),
       (902, 200,601, 4, 'Kanal Tedavisi'),
       (903, 278,602, 6, 'implant'),
       (904, 276,603, 18, 'Protez Diş Tedavisi'),
       (905, 274,604, 1, 'Tel Tedavisi'),
       (906, 272,605, 2, 'Diş Eti Hastaliği'),
       (907, 270,606,5 , 'Dolgu Tedavisi'),
       (908, 269,607, 7, 'Diş Beyazlatma'),
       (909, 268,608, 3, 'Diş çekimi'),
       (910, 267,609, 10, 'Kanal Tedavisi'),
       (911, 266,610, 11, 'implant'),
       (912, 265,611, 20, 'Protez Diş Tedavisi'),
       (913, 264,612, 15, 'Tel Tedavisi'),
       (914, 263,613, 2, 'Diş Eti Hastaliği'),
       (915, 262,614, 14, 'Dolgu Tedavisi'),
       (916, 261,615, 12, 'Diş Beyazlatma'),
       (920, 260,616,9 , 'Diş çekimi'),
       (921,259 ,617,12 , 'Kanal Tedavisi'),
       (922, 258,618, 6, 'implant'),
       (923, 257,619, 18, 'Protez Diş Tedavisi'),
       (924, 256,620, 22, 'Tel Tedavisi'),
       (925, 255,621, 2, 'Diş Eti Hastaliği'),
       (926, 254,622, 19, 'Dolgu Tedavisi'),
       (927, 253,623, 23, 'Diş Beyazlatma'),
       (928, 252,624, 13, 'Diş çekimi'),
       (929,251 ,625,21 , 'Kanal Tedavisi'),
       (930, 250,626, 20, 'implant'),
       (931, 249,627, 6, 'Protez Diş Tedavisi'),
       (932,248 ,628, 1, 'Tel Tedavisi'),
       (933, 247,629, 11, 'implant'),
       (934, 246,630,4 , 'Dolgu Tedavisi'),
       (935, 245,631, 5, 'Diş Beyazlatma'),
       (936, 244,632, 3, 'Diş çekimi'),
       (937,243 ,633,7 , 'Kanal Tedavisi'),
       (938, 242,634, 20, 'implant'),
       (939, 240,635, 11, 'Protez Diş Tedavisi'),
       (940, 241,636, 17, 'Tel Tedavisi'),
       (941,230 ,637, 1, 'Tel Tedavisi'),
       (942,238, 638,21 , 'Dolgu Tedavisi'),
       (943, 236,639, 23, 'Diş Beyazlatma'),
       (944, 215,640, 13, 'Diş çekimi'),
       (945,214 ,603,12 , 'Kanal Tedavisi'),
       (946, 213,607, 18, 'implant'),
       (947, 212,609, 11, 'Protez Diş Tedavisi'),
       (948, 205,605, 25, 'Tel Tedavisi'),
       (949, 232,627, 2, 'Diş Eti Hastaliği'),
       (950, 200,626, 16, 'Dolgu Tedavisi'),
       (951, 200,625, 19, 'Diş Beyazlatma'),
       (952, 213,624, 13, 'Diş çekimi'),
       (953,214 ,623,7 , 'Kanal Tedavisi'),
       (954, 210,622, 6, 'implant'),
       (955, 209,621, 11, 'Protez Diş Tedavisi'),
       (956, 208,620, 1, 'Tel Tedavisi'),
       (957, 206,619, 5, 'Diş Beyazlatma'),
       (958, 205,618, 7, 'Dolgu Tedavisi'),
       (959, 204,617, 10, 'Diş Beyazlatma'),
	(960, 203,616, 8, 'Diş çekimi'),
       (961,202 ,615, 14, 'Kanal Tedavisi'),
       (962, 201,614, 20, 'implant'),
       (963, 259,613, 18, 'Protez Diş Tedavisi'),
       (964, 264,612, 15, 'Tel Tedavisi'),
       (965, 241,611, 4, 'Dolgu Tedavisi'),
       (966,248 ,610,16 , 'Dolgu Tedavisi'),
       (967, 261,609, 21, 'Diş Beyazlatma'),
       (968, 237,608, 13, 'Diş çekimi'),
       (969, 219,607,23 , 'Kanal Tedavisi'),
       (970, 220,604,6 , 'implant');

INSERT INTO recete (recete_id, doktor_id, hasta_id, recete_tarihi, ilac_id)
VALUES (500, 9, 203, '2023-11-01', 600);
INSERT INTO recete (recete_id, doktor_id, hasta_id, recete_tarihi, ilac_id)
VALUES (501, 2, 211, '2023-12-30', 638);
INSERT INTO recete (recete_id, doktor_id, hasta_id, recete_tarihi, ilac_id)
VALUES (502, 1, 209, '2023-09-03', 603);
INSERT INTO recete (recete_id, doktor_id, hasta_id, recete_tarihi, ilac_id)
VALUES (503, 11, 207, '2032-10-14', 604);
INSERT INTO recete (recete_id, doktor_id, hasta_id, recete_tarihi, ilac_id)
VALUES (504, 3, 214, '2023-08-15', 610);
INSERT INTO recete (recete_id, doktor_id, hasta_id, recete_tarihi, ilac_id)
VALUES (505, 7, 212, '2023-07-21', 610);
INSERT INTO recete (recete_id, doktor_id, hasta_id, recete_tarihi, ilac_id)
VALUES (506, 4, 210, '2023-06-02', 631);
INSERT INTO recete (recete_id, doktor_id, hasta_id, recete_tarihi, ilac_id)
VALUES (507, 9, 206, '2023-05-13', 620);
INSERT INTO recete (recete_id, doktor_id, hasta_id, recete_tarihi, ilac_id)
VALUES (508, 1, 215, '2023-04-04', 619);
INSERT INTO recete (recete_id, doktor_id, hasta_id, recete_tarihi, ilac_id)
VALUES (509, 12, 207, '2023-03-25', 631);
INSERT INTO recete (recete_id, doktor_id, hasta_id, recete_tarihi, ilac_id)
VALUES (510, 3,210, '2023-02-11', 632);
INSERT INTO recete (recete_id, doktor_id, hasta_id, recete_tarihi, ilac_id)
VALUES (511, 10, 212, '2023-02-12', 633);
INSERT INTO recete (recete_id, doktor_id, hasta_id, recete_tarihi, ilac_id)
VALUES (512, 15, 211, '2023-09-23', 634);
INSERT INTO recete (recete_id, doktor_id, hasta_id, recete_tarihi, ilac_id)
VALUES (513, 2, 206, '2023-11-14', 635);
INSERT INTO recete (recete_id, doktor_id, hasta_id, recete_tarihi, ilac_id)
VALUES (514, 6, 213, '2023-01-25', 636);
INSERT INTO recete (recete_id, doktor_id, hasta_id, recete_tarihi, ilac_id)
VALUES (515, 25, 260, '2023-11-01', 630);
INSERT INTO recete (recete_id, doktor_id, hasta_id, recete_tarihi, ilac_id)
VALUES (516, 24, 258, '2023-12-17', 600);
INSERT INTO recete (recete_id, doktor_id, hasta_id, recete_tarihi, ilac_id)
VALUES (517, 23, 256, '2023-10-18', 601);
INSERT INTO recete (recete_id, doktor_id, hasta_id, recete_tarihi, ilac_id)
VALUES (518,22, 254, '2023-09-19', 602);
INSERT INTO recete (recete_id, doktor_id, hasta_id, recete_tarihi, ilac_id)
VALUES (519, 21, 253, '2023-08-20', 629);
INSERT INTO recete (recete_id, doktor_id, hasta_id, recete_tarihi, ilac_id)
VALUES (520, 20, 252, '2023-07-21', 604);
INSERT INTO recete (recete_id, doktor_id, hasta_id, recete_tarihi, ilac_id)
VALUES (521, 19, 240, '2023-06-22', 617);
INSERT INTO recete (recete_id, doktor_id, hasta_id, recete_tarihi, ilac_id)
VALUES (522, 18, 248, '2023-05-23', 607);
INSERT INTO recete (recete_id, doktor_id, hasta_id, recete_tarihi, ilac_id)
VALUES (523, 17, 244, '2023-04-24', 608);
INSERT INTO recete (recete_id, doktor_id, hasta_id, recete_tarihi, ilac_id)
VALUES (524,16, 246, '2023-03-25', 609);
INSERT INTO recete (recete_id, doktor_id, hasta_id, recete_tarihi, ilac_id)
VALUES (525, 15, 238, '2024-02-26', 610);
INSERT INTO recete (recete_id, doktor_id, hasta_id, recete_tarihi, ilac_id)
VALUES (526, 14, 234, '2024-01-27', 611);
INSERT INTO recete (recete_id, doktor_id, hasta_id, recete_tarihi, ilac_id)
VALUES (527, 13, 228, '2023-11-28', 612);
INSERT INTO recete (recete_id, doktor_id, hasta_id, recete_tarihi, ilac_id)
VALUES (528, 12, 229, '2023-12-29', 613);
INSERT INTO recete (recete_id, doktor_id, hasta_id, recete_tarihi, ilac_id)
VALUES (529, 11, 230, '2023-10-30', 614);
INSERT INTO recete (recete_id, doktor_id, hasta_id, recete_tarihi, ilac_id)
VALUES (530, 10, 260, '2023-09-03', 615);
INSERT INTO recete (recete_id, doktor_id, hasta_id, recete_tarihi, ilac_id)
VALUES (531, 9, 261, '2023-03-09', 617);
INSERT INTO recete (recete_id, doktor_id, hasta_id, recete_tarihi, ilac_id)
VALUES (532, 8, 262, '2023-04-08', 618);
INSERT INTO recete (recete_id, doktor_id, hasta_id, recete_tarihi, ilac_id)
VALUES (533, 7, 263, '2023-05-07', 619);
INSERT INTO recete (recete_id, doktor_id, hasta_id, recete_tarihi, ilac_id)
VALUES (534, 6, 264, '2023-06-06', 620);
INSERT INTO recete (recete_id, doktor_id, hasta_id, recete_tarihi, ilac_id)
VALUES (535, 5, 265, '2023-07-05', 621);
INSERT INTO recete (recete_id, doktor_id, hasta_id, recete_tarihi, ilac_id)
VALUES (536, 4, 266, '2023-08-04', 622);
INSERT INTO recete (recete_id, doktor_id, hasta_id, recete_tarihi, ilac_id)
VALUES (537, 3, 267, '2023-09-03', 623);
INSERT INTO recete (recete_id, doktor_id, hasta_id, recete_tarihi, ilac_id)
VALUES (538, 2, 268, '2023-10-02', 624);
INSERT INTO recete (recete_id, doktor_id, hasta_id, recete_tarihi, ilac_id)
VALUES (539, 1, 269, '2023-11-01', 625);
INSERT INTO recete (recete_id, doktor_id, hasta_id, recete_tarihi, ilac_id)
VALUES (540, 25, 270, '2023-12-30', 627);
INSERT INTO recete (recete_id, doktor_id, hasta_id, recete_tarihi, ilac_id)
VALUES (541, 24, 271, '2023-12-30', 628);
INSERT INTO recete (recete_id, doktor_id, hasta_id, recete_tarihi, ilac_id)
VALUES (542, 23, 272, '2023-11-23', 629);
INSERT INTO recete (recete_id, doktor_id, hasta_id, recete_tarihi, ilac_id)
VALUES (543, 22, 273, '2023-10-21', 631);
INSERT INTO recete (recete_id, doktor_id, hasta_id, recete_tarihi, ilac_id)
VALUES (544, 21, 274, '2023-09-29', 633);
INSERT INTO recete (recete_id, doktor_id, hasta_id, recete_tarihi, ilac_id)
VALUES (545, 20, 275, '2023-08-16', 632);
INSERT INTO recete (recete_id, doktor_id, hasta_id, recete_tarihi, ilac_id)
VALUES (546, 19, 276, '2023-07-17', 634);
INSERT INTO recete (recete_id, doktor_id, hasta_id, recete_tarihi, ilac_id)
VALUES (547, 18, 277, '2023-06-04', 635);
INSERT INTO recete (recete_id, doktor_id, hasta_id, recete_tarihi, ilac_id)
VALUES (548, 17, 278, '2023-05-25', 638);
INSERT INTO recete (recete_id, doktor_id, hasta_id, recete_tarihi, ilac_id)
VALUES (549, 16, 279, '2023-04-15',639);
INSERT INTO recete (recete_id, doktor_id, hasta_id, recete_tarihi, ilac_id)
VALUES (550, 15, 280, '2023-12-30', 640);


INSERT INTO fatura (fatura_id, hasta_id, tutar, fatura_tarihi, recete_id) VALUES (700, 210, 199.99, '2023-01-29', 508);
INSERT INTO fatura (fatura_id, hasta_id, tutar, fatura_tarihi, recete_id) VALUES (701, 224, 319.99, '2023-12-31', 509);
INSERT INTO fatura (fatura_id, hasta_id, tutar, fatura_tarihi, recete_id) VALUES (702, 226, 200.50, '2023-07-12', 507);
INSERT INTO fatura (fatura_id, hasta_id, tutar, fatura_tarihi, recete_id) VALUES (703, 228, 350.90, '2023-09-03', 514);
INSERT INTO fatura (fatura_id, hasta_id, tutar, fatura_tarihi, recete_id) VALUES (704, 230, 160.98, '2023-10-19', 505);
INSERT INTO fatura (fatura_id, hasta_id, tutar, fatura_tarihi, recete_id) VALUES (705, 232, 150.00, '2023-01-17', 511);
INSERT INTO fatura (fatura_id, hasta_id, tutar, fatura_tarihi, recete_id) VALUES (706, 234, 149.00, '2023-05-14', 512);
INSERT INTO fatura (fatura_id, hasta_id, tutar, fatura_tarihi, recete_id) VALUES (707, 238, 100.50, '2023-07-10', 513);
INSERT INTO fatura (fatura_id, hasta_id, tutar, fatura_tarihi, recete_id) VALUES (708, 236, 120.00, '2023-03-11', 514);
INSERT INTO fatura (fatura_id, hasta_id, tutar, fatura_tarihi, recete_id) VALUES (709,  240, 119.80, '2023-07-14', 515);
INSERT INTO fatura (fatura_id, hasta_id, tutar, fatura_tarihi, recete_id) VALUES (710, 242, 252.50, '2023-11-11', 501);
INSERT INTO fatura (fatura_id, hasta_id, tutar, fatura_tarihi, recete_id) VALUES (711, 244, 112.99, '2023-02-20', 502);
INSERT INTO fatura (fatura_id, hasta_id, tutar, fatura_tarihi, recete_id) VALUES (712, 244, 185.95, '2023-12-21', 503);
INSERT INTO fatura (fatura_id, hasta_id, tutar, fatura_tarihi, recete_id) VALUES (713, 246, 180.50, '2023-04-14', 504);
INSERT INTO fatura (fatura_id, hasta_id, tutar, fatura_tarihi, recete_id) VALUES (714, 248, 195.40, '2023-05-11', 505);
INSERT INTO fatura (fatura_id, hasta_id, tutar, fatura_tarihi, recete_id) VALUES (715, 250, 290.00, '2023-06-30', 500);
INSERT INTO fatura (fatura_id, hasta_id, tutar, fatura_tarihi, recete_id) VALUES (716, 252, 180.00, '2023-07-29', 501);
INSERT INTO fatura (fatura_id, hasta_id, tutar, fatura_tarihi, recete_id) VALUES (717, 254, 270.00, '2023-08-28', 502);
INSERT INTO fatura (fatura_id, hasta_id, tutar, fatura_tarihi, recete_id) VALUES (718, 256, 360.50, '2023-09-27', 503);
INSERT INTO fatura (fatura_id, hasta_id, tutar, fatura_tarihi, recete_id) VALUES (719, 258, 250.50, '2023-10-26', 504);
INSERT INTO fatura (fatura_id, hasta_id, tutar, fatura_tarihi, recete_id) VALUES (720, 260, 140.40, '2023-11-25', 505);
INSERT INTO fatura (fatura_id, hasta_id, tutar, fatura_tarihi, recete_id) VALUES (721, 262, 130.30, '2023-12-24', 506);
INSERT INTO fatura (fatura_id, hasta_id, tutar, fatura_tarihi, recete_id) VALUES (722, 264, 120.20, '2023-12-23', 507);
INSERT INTO fatura (fatura_id, hasta_id, tutar, fatura_tarihi, recete_id) VALUES (723, 266, 110.50, '2023-11-22', 508);
INSERT INTO fatura (fatura_id, hasta_id, tutar, fatura_tarihi, recete_id) VALUES (724, 268, 100.10, '2023-10-21', 509);
INSERT INTO fatura (fatura_id, hasta_id, tutar, fatura_tarihi, recete_id) VALUES (725, 270, 165.00, '2023-09-20', 510);
INSERT INTO fatura (fatura_id, hasta_id, tutar, fatura_tarihi, recete_id) VALUES (726, 272, 97.00, '2023-08-19', 511);
INSERT INTO fatura (fatura_id, hasta_id, tutar, fatura_tarihi, recete_id) VALUES (727, 274, 175.50, '2023-07-18', 512);
INSERT INTO fatura (fatura_id, hasta_id, tutar, fatura_tarihi, recete_id) VALUES (728, 276, 220.10, '2023-06-17', 513);
INSERT INTO fatura (fatura_id, hasta_id, tutar, fatura_tarihi, recete_id) VALUES (729, 278, 210.00, '2023-05-16', 514);
INSERT INTO fatura (fatura_id, hasta_id, tutar, fatura_tarihi, recete_id) VALUES (730, 209, 200.50, '2023-04-15', 515);
INSERT INTO fatura (fatura_id, hasta_id, tutar, fatura_tarihi, recete_id) VALUES (731, 207, 190.40, '2023-03-14', 516);
INSERT INTO fatura (fatura_id, hasta_id, tutar, fatura_tarihi, recete_id) VALUES (732, 205, 180.30, '2023-02-13', 517);
INSERT INTO fatura (fatura_id, hasta_id, tutar, fatura_tarihi, recete_id) VALUES (733, 203, 175.20, '2023-01-12', 518);
INSERT INTO fatura (fatura_id, hasta_id, tutar, fatura_tarihi, recete_id) VALUES (734, 201, 170.00, '2023-12-11', 519);
INSERT INTO fatura (fatura_id, hasta_id, tutar, fatura_tarihi, recete_id) VALUES (735, 200, 160.40, '2023-11-10', 520);
INSERT INTO fatura (fatura_id, hasta_id, tutar, fatura_tarihi, recete_id) VALUES (736, 202, 150.50, '2023-10-09', 521);
INSERT INTO fatura (fatura_id, hasta_id, tutar, fatura_tarihi, recete_id) VALUES (737, 204, 140.00, '2023-09-08', 522);
INSERT INTO fatura (fatura_id, hasta_id, tutar, fatura_tarihi, recete_id) VALUES (738, 206, 78.50, '2023-08-07', 523);
INSERT INTO fatura (fatura_id, hasta_id, tutar, fatura_tarihi, recete_id) VALUES (739, 208, 160.00, '2023-07-06', 524);
INSERT INTO fatura (fatura_id, hasta_id, tutar, fatura_tarihi, recete_id) VALUES (740, 210, 145.50, '2023-06-05', 525);
INSERT INTO fatura (fatura_id, hasta_id, tutar, fatura_tarihi, recete_id) VALUES (741, 212, 195.00, '2023-05-04', 526);
INSERT INTO fatura (fatura_id, hasta_id, tutar, fatura_tarihi, recete_id) VALUES (742, 214, 180.50, '2023-04-03', 527);
INSERT INTO fatura (fatura_id, hasta_id, tutar, fatura_tarihi, recete_id) VALUES (743, 216, 212.00, '2023-03-02', 528);
INSERT INTO fatura (fatura_id, hasta_id, tutar, fatura_tarihi, recete_id) VALUES (744, 218, 211.00, '2023-02-01', 529);
INSERT INTO fatura (fatura_id, hasta_id, tutar, fatura_tarihi, recete_id) VALUES (745, 222, 200.50, '2023-01-20', 530);
INSERT INTO fatura (fatura_id, hasta_id, tutar, fatura_tarihi, recete_id) VALUES (746, 200, 120.00, '2023-11-30', 502);
INSERT INTO fatura (fatura_id, hasta_id, tutar, fatura_tarihi, recete_id) VALUES (747, 212, 224.30, '2023-04-15', 511);
INSERT INTO fatura (fatura_id, hasta_id, tutar, fatura_tarihi, recete_id) VALUES (748, 205, 175.50, '2023-10-10', 516);
INSERT INTO fatura (fatura_id, hasta_id, tutar, fatura_tarihi, recete_id) VALUES (749, 211, 160.00, '2023-01-25', 524);



INSERT INTO odeme (hasta_id,odeme_id, fatura_id, odeme_durumu, odeme_tipi, odeme_tarihi, odeme_tutari) VALUES (278,800, 700, 'ödendi', 'Online Banka', '2023-10-01', 99.99);
INSERT INTO odeme (hasta_id,odeme_id, fatura_id, odeme_durumu, odeme_tipi, odeme_tarihi, odeme_tutari) VALUES (276,801, 749, 'ödendi', 'Kart', '2023-12-01', 189.00);
INSERT INTO odeme (hasta_id,odeme_id, fatura_id, odeme_durumu, odeme_tipi, odeme_tarihi, odeme_tutari) VALUES (274,802, 748, 'ödendi', 'Nakit', '2023-08-13', 95.00);
INSERT INTO odeme (hasta_id,odeme_id, fatura_id, odeme_durumu, odeme_tutari) VALUES (236,804, 746, 'bekleniyor' , 150.00);
INSERT INTO odeme (hasta_id,odeme_id, fatura_id, odeme_durumu, odeme_tipi, odeme_tarihi, odeme_tutari) VALUES (271,805, 746, 'ödendi', 'Online Banka', '2023-05-13', 102.50);
INSERT INTO odeme (hasta_id,odeme_id, fatura_id, odeme_durumu, odeme_tutari)  VALUES (268,806, 744, 'bekleniyor', 350.40);
INSERT INTO odeme (hasta_id,odeme_id, fatura_id, odeme_durumu, odeme_tipi, odeme_tarihi, odeme_tutari) VALUES (264,807, 743, 'ödendi', 'Nakit', '2022-09-04', 125.30);
INSERT INTO odeme (hasta_id,odeme_id, fatura_id, odeme_durumu, odeme_tipi, odeme_tarihi, odeme_tutari) VALUES (262,808, 742, 'ödendi', 'Online Banka', '2022-08-02', 120.90);
INSERT INTO odeme (hasta_id,odeme_id, fatura_id, odeme_durumu, odeme_tutari)  VALUES (260,809, 741, 'bekleniyor', 70.90);
INSERT INTO odeme (hasta_id,odeme_id, fatura_id, odeme_durumu, odeme_tutari)  VALUES (258,810, 740, 'ödenmedi', 88.90);
INSERT INTO odeme (hasta_id,odeme_id, fatura_id, odeme_durumu, odeme_tipi, odeme_tarihi, odeme_tutari) VALUES (256,811, 739, 'ödendi', 'Kart', '2022-07-15', 150.50);
INSERT INTO odeme (hasta_id,odeme_id, fatura_id, odeme_durumu, odeme_tipi, odeme_tarihi, odeme_tutari) VALUES (254,812, 738, 'ödendi', 'Nakit', '2022-08-14', 120.99);
INSERT INTO odeme (hasta_id,odeme_id, fatura_id, odeme_durumu, odeme_tipi, odeme_tarihi, odeme_tutari) VALUES (280,813, 737, 'ödendi', 'Kart', '2022-09-01', 109.99);
INSERT INTO odeme (hasta_id,odeme_id, fatura_id, odeme_durumu, odeme_tutari)  VALUES (279,814, 736, 'bekleniyor', 200.50);
INSERT INTO odeme (hasta_id,odeme_id, fatura_id, odeme_durumu, odeme_tipi, odeme_tarihi, odeme_tutari) VALUES (275,815, 735, 'ödendi', 'Online Banka', '2022-03-07', 349.40);
INSERT INTO odeme (hasta_id,odeme_id, fatura_id, odeme_durumu, odeme_tutari)  VALUES (273,816, 734, 'bekleniyor' , 146.10);
INSERT INTO odeme (hasta_id,odeme_id, fatura_id, odeme_durumu, odeme_tipi, odeme_tarihi, odeme_tutari) VALUES (272,817, 733, 'ödendi', 'Nakit', '2022-04-12', 149.00);
INSERT INTO odeme (hasta_id,odeme_id, fatura_id, odeme_durumu, odeme_tutari)  VALUES (269,818, 732, 'ödenmedi', 238.00);
INSERT INTO odeme (hasta_id,odeme_id, fatura_id, odeme_durumu, odeme_tipi, odeme_tarihi, odeme_tutari) VALUES (267,819, 731, 'ödendi', 'Online Banka', '2022-11-19', 164.90);
INSERT INTO odeme (hasta_id,odeme_id, fatura_id, odeme_durumu, odeme_tipi, odeme_tarihi, odeme_tutari) VALUES (266,820, 730, 'ödendi', 'Kart', '2022-04-01', 59.90);
INSERT INTO odeme (hasta_id,odeme_id, fatura_id, odeme_durumu, odeme_tipi, odeme_tarihi, odeme_tutari) VALUES (265,821, 729, 'ödendi', 'Online Banka', '2022-11-05', 98.00);
INSERT INTO odeme (hasta_id,odeme_id, fatura_id, odeme_durumu, odeme_tutari)  VALUES (263,822, 728, 'bekleniyor', 124.00);
INSERT INTO odeme (hasta_id,odeme_id, fatura_id, odeme_durumu, odeme_tutari)  VALUES (261,823, 727, 'ödenmedi', 191.40);
INSERT INTO odeme (hasta_id,odeme_id, fatura_id, odeme_durumu, odeme_tipi, odeme_tarihi, odeme_tutari) VALUES (259,824, 726, 'ödendi', 'Kart', '2022-02-19',138.00);
INSERT INTO odeme (hasta_id,odeme_id, fatura_id, odeme_durumu, odeme_tipi, odeme_tarihi, odeme_tutari) VALUES (257,825, 725, 'ödendi', 'Online Banka', '2022-01-07', 140.50);
INSERT INTO odeme (hasta_id,odeme_id, fatura_id, odeme_durumu, odeme_tipi, odeme_tarihi, odeme_tutari) VALUES (255,826, 724, 'ödendi', 'Nakit', '2022-09-10', 50.50);
INSERT INTO odeme (hasta_id,odeme_id, fatura_id, odeme_durumu, odeme_tipi, odeme_tarihi, odeme_tutari) VALUES (252,827, 723, 'ödendi', 'Online Banka', '2022-11-11',500.00);
INSERT INTO odeme (hasta_id,odeme_id, fatura_id, odeme_durumu, odeme_tipi, odeme_tarihi, odeme_tutari) VALUES (253,828, 722, 'ödendi', 'Nakit', '2022-12-21', 76.00);
INSERT INTO odeme (hasta_id,odeme_id, fatura_id, odeme_durumu, odeme_tutari) VALUES (251,829, 721, 'ödenmedi' , 230.50);
INSERT INTO odeme (hasta_id,odeme_id, fatura_id, odeme_durumu, odeme_tipi, odeme_tarihi, odeme_tutari) VALUES (250,830, 720, 'ödendi', 'Nakit', '2022-06-19', 400.00);
INSERT INTO odeme (hasta_id,odeme_id, fatura_id, odeme_durumu, odeme_tutari)  VALUES (249,831, 719, 'bekleniyor' , 190.50);
INSERT INTO odeme (hasta_id,odeme_id, fatura_id, odeme_durumu, odeme_tutari)  VALUES (248,832, 718, 'ödenmedi' , 150.30);
INSERT INTO odeme (hasta_id,odeme_id, fatura_id, odeme_durumu, odeme_tipi, odeme_tarihi, odeme_tutari) VALUES (247,833, 717, 'ödendi', 'Kart', '2022-10-09', 140.40);
INSERT INTO odeme (hasta_id,odeme_id, fatura_id, odeme_durumu, odeme_tipi, odeme_tarihi, odeme_tutari) VALUES (246,834, 716, 'ödendi', 'Nakit', '2022-09-10', 59.99);
INSERT INTO odeme (hasta_id,odeme_id, fatura_id, odeme_durumu, odeme_tipi, odeme_tarihi, odeme_tutari) VALUES (245,835, 715, 'ödendi', 'Online Banka', '2022-11-14', 29.00);
INSERT INTO odeme (hasta_id,odeme_id, fatura_id, odeme_durumu, odeme_tipi, odeme_tarihi, odeme_tutari) VALUES (243,836, 714, 'ödendi', 'Kart', '2022-12-15', 69.00);
INSERT INTO odeme (hasta_id,odeme_id, fatura_id, odeme_durumu, odeme_tutari)  VALUES (242,837, 713, 'bekleniyor', 150.50);
INSERT INTO odeme (hasta_id,odeme_id, fatura_id, odeme_durumu, odeme_tutari)  VALUES (241,838, 712, 'ödenmedi', 120.50);
INSERT INTO odeme (hasta_id,odeme_id, fatura_id, odeme_durumu, odeme_tipi, odeme_tarihi, odeme_tutari) VALUES (240,839, 711, 'ödendi', 'Nakit', '2022-05-18', 60.50);
INSERT INTO odeme (hasta_id,odeme_id, fatura_id, odeme_durumu, odeme_tutari)  VALUES (239,840, 710, 'bekleniyor', 98.00);
INSERT INTO odeme (hasta_id,odeme_id, fatura_id, odeme_durumu, odeme_tutari)  VALUES (238,841, 709, 'ödenmedi', 92.50);
INSERT INTO odeme (hasta_id,odeme_id, fatura_id, odeme_durumu, odeme_tipi, odeme_tarihi, odeme_tutari) VALUES (237,842, 708, 'ödendi', 'Kart', '2022-08-19', 163.00);
INSERT INTO odeme (hasta_id,odeme_id, fatura_id, odeme_durumu, odeme_tutari)  VALUES (236,843, 707, 'bekleniyor', 274.00);
INSERT INTO odeme (hasta_id,odeme_id, fatura_id, odeme_durumu, odeme_tutari)  VALUES (235,844, 706, 'ödenmedi', 80.50);
INSERT INTO odeme (hasta_id,odeme_id, fatura_id, odeme_durumu, odeme_tutari) VALUES (234,845, 705, 'bekleniyor', 350.00);
INSERT INTO odeme (hasta_id,odeme_id, fatura_id, odeme_durumu, odeme_tipi, odeme_tarihi, odeme_tutari) VALUES (233,846, 704, 'ödendi', 'Nakit', '2022-08-23', 182.40);
INSERT INTO odeme (hasta_id,odeme_id, fatura_id, odeme_durumu, odeme_tutari)  VALUES (232,847, 703, 'bekleniyor', 200.50);
INSERT INTO odeme (hasta_id,odeme_id, fatura_id, odeme_durumu, odeme_tutari)  VALUES (231,848, 702, 'ödenmedi', 250.50);
INSERT INTO odeme (hasta_id,odeme_id, fatura_id, odeme_durumu, odeme_tutari)  VALUES (230,849, 701, 'bekleniyor', 180.50);
INSERT INTO odeme (hasta_id,odeme_id, fatura_id, odeme_durumu, odeme_tipi, odeme_tarihi, odeme_tutari) VALUES (229,850, 749, 'ödendi', 'Online Banka', '2023-12-21', 300.50);
INSERT INTO odeme (hasta_id,odeme_id, fatura_id, odeme_durumu, odeme_tutari)  VALUES (228,851, 748, 'ödenmedi', 320.00);
INSERT INTO odeme (hasta_id,odeme_id, fatura_id, odeme_durumu, odeme_tutari)  VALUES (227,852, 747, 'bekleniyor', 600.50);
INSERT INTO odeme (hasta_id,odeme_id, fatura_id, odeme_durumu, odeme_tipi, odeme_tarihi, odeme_tutari) VALUES (226,853, 746, 'ödendi', 'Nakit', '2022-12-02', 198.00);
INSERT INTO odeme (hasta_id,odeme_id, fatura_id, odeme_durumu, odeme_tutari)  VALUES (204,854, 735, 'ödenmedi', 156.00);
INSERT INTO odeme (hasta_id,odeme_id, fatura_id, odeme_durumu, odeme_tutari)  VALUES (224,855, 744, 'bekleniyor', 163.50);
INSERT INTO odeme (hasta_id,odeme_id, fatura_id, odeme_durumu, odeme_tipi, odeme_tarihi, odeme_tutari) VALUES (223,856, 743, 'ödendi', 'Kart', '2022-09-06', 130.50);
INSERT INTO odeme (hasta_id,odeme_id, fatura_id, odeme_durumu, odeme_tutari)  VALUES (222,857, 742, 'ödenmedi', 120.50);
INSERT INTO odeme (hasta_id,odeme_id, fatura_id, odeme_durumu, odeme_tutari)  VALUES (221,858, 741, 'ödenmedi', 106.00);
INSERT INTO odeme (hasta_id,odeme_id, fatura_id, odeme_durumu, odeme_tipi, odeme_tarihi, odeme_tutari) VALUES (220,859, 740, 'ödendi', 'Kart', '2022-06-09', 139.00);
INSERT INTO odeme (hasta_id,odeme_id, fatura_id, odeme_durumu, odeme_tutari)  VALUES (219,860, 739, 'ödenmedi', 250.00);
INSERT INTO odeme (hasta_id,odeme_id, fatura_id, odeme_durumu, odeme_tutari)  VALUES (218,861, 738, 'bekleniyor', 240.90);
INSERT INTO odeme (hasta_id,odeme_id, fatura_id, odeme_durumu, odeme_tipi, odeme_tarihi, odeme_tutari) VALUES (217,862, 737, 'ödendi', 'Kart', '2022-03-12', 291.00);
INSERT INTO odeme (hasta_id,odeme_id, fatura_id, odeme_durumu, odeme_tutari)  VALUES (216,863, 736, 'ödenmedi', 370.50);
INSERT INTO odeme (hasta_id,odeme_id, fatura_id, odeme_durumu, odeme_tutari)  VALUES (215,864, 735, 'bekleniyor', 182.00);
INSERT INTO odeme (hasta_id,odeme_id, fatura_id, odeme_durumu, odeme_tipi, odeme_tarihi, odeme_tutari) VALUES (214,865, 734, 'ödendi', 'Nakit', '2022-12-14', 100.50);
INSERT INTO odeme (hasta_id,odeme_id, fatura_id, odeme_durumu, odeme_tutari)  VALUES (213,866, 733, 'ödenmedi', 200.00);
INSERT INTO odeme (hasta_id,odeme_id, fatura_id, odeme_durumu, odeme_tipi, odeme_tarihi, odeme_tutari) VALUES (212,867, 732, 'ödendi', 'Online Banka', '2022-10-16', 300.50);
INSERT INTO odeme (hasta_id,odeme_id, fatura_id, odeme_durumu, odeme_tutari)  VALUES (211,868, 731, 'bekleniyor', 400.50);
INSERT INTO odeme (hasta_id,odeme_id, fatura_id, odeme_durumu, odeme_tutari)  VALUES (210,869, 730, 'ödenmedi', 300.00);
INSERT INTO odeme (hasta_id,odeme_id, fatura_id, odeme_durumu, odeme_tipi, odeme_tarihi, odeme_tutari) VALUES (209,870, 729, 'ödendi', 'Nakit', '2022-07-20', 500.00);
INSERT INTO odeme (hasta_id,odeme_id, fatura_id, odeme_durumu, odeme_tutari)  VALUES (208,871, 728, 'bekleniyor', 600.00);
INSERT INTO odeme (hasta_id,odeme_id, fatura_id, odeme_durumu, odeme_tutari)  VALUES (207,872, 727, 'ödenmedi', 700.00);
INSERT INTO odeme (hasta_id,odeme_id, fatura_id, odeme_durumu, odeme_tipi, odeme_tarihi, odeme_tutari) VALUES (206,871, 726, 'ödendi', 'Online Banka', '2022-03-23', 310.00);
INSERT INTO odeme (hasta_id,odeme_id, fatura_id, odeme_durumu, odeme_tutari)  VALUES (205,874, 725, 'bekleniyor', 240.00);
INSERT INTO odeme (hasta_id,odeme_id, fatura_id, odeme_durumu, odeme_tutari)  VALUES (204,875, 724, 'ödenmedi',160.50);
INSERT INTO odeme (hasta_id,odeme_id, fatura_id, odeme_durumu, odeme_tipi, odeme_tarihi, odeme_tutari) VALUES (203,876, 723, 'ödendi', 'Nakit', '2022-01-26', 143.50);
INSERT INTO odeme (hasta_id,odeme_id, fatura_id, odeme_durumu, odeme_tutari)  VALUES (202,877, 722, 'bekleniyor',129.00);
INSERT INTO odeme (hasta_id,odeme_id, fatura_id, odeme_durumu, odeme_tutari)  VALUES (201,878, 721, 'ödenmedi' ,241.00);
INSERT INTO odeme (hasta_id,odeme_id, fatura_id, odeme_durumu, odeme_tipi, odeme_tarihi, odeme_tutari) VALUES (200,879, 720, 'ödendi', 'Kart', '2022-10-30', 194.00);

